Workbook

Sheet Equipment Tree
A1: BPL131
A2: BR4.SRV.CTRLSYS.PLC.BPL131 | B2: BPL131 PLC
A3: BR4.SRV.CTRLSYS.PLC.BPL131.Drop01 | B3: BPL131 Drop 1 - BTY1502DX01
A4: BR4.SRV.CTRLSYS.PLC.BPL131.Drop02 | B4: BPL131 Drop 2 - BSR131DX01
A5: BR4.SRV.CTRLSYS.PLC.BPL131.Drop03 | B5: BPL131 Drop 3 - BTY1502DX03
A6: BR4.SRV.CTRLSYS.PLC.BPL131.Drop04 | B6: BPL131 Drop 4 - BTK2101DX04
A8: BSR131
A9: BR4.SRV.PWR.BSR131 | B9: BSR131 Switchroom
A10: BR4.SRV.PWR.BSR131.AC01 | B10: BSR131 Switchroom - Air Conditioner 1
A11: BR4.SRV.PWR.BSR131.AC01.CB01 | B11: BSR131 Switchroom - Air Conditioner 1 Main Circuit Breaker
A12: BR4.SRV.PWR.BSR131.AC02 | B12: BSR131 Switchroom - Air Conditioner 2
A13: BR4.SRV.PWR.BSR131.AC02.CB01 | B13: BSR131 Switchroom - Air Conditioner 2 Main Circuit Breaker
A14: BR4.SRV.PWR.BSR131.BC01 | B14: BSR131 Switchroom - Battery Charger 1
A15: BR4.SRV.PWR.BSR131.BC01.CB01 | B15: BSR131 Switchroom - Battery Charger 1 Main Circuit Breaker
A16: BR4.SRV.PWR.BSR131.BC02 | B16: BSR131 Switchroom - Battery Charger 2
A17: BR4.SRV.PWR.BSR131.BC02.BACS | B17: BSR131 Switchroom - Battery Charger 2 Battery Management
A18: BR4.SRV.PWR.BSR131.BC02.CB01 | B18: BSR131 Switchroom - Battery Charger 2 Main Circuit Breaker
A19: BR4.SRV.PWR.BSR131.BC02.Cordex | B19: BSR131 Switchroom - Battery Charger 2 Controller
A20: BR4.SRV.PWR.BSR131.BMC131 | B20: BMC131 Motor Control Centre
... A43: BR4.SRV.PWR.BSR131.UP01.UPScale | B43: UP01 - BSR131 UPS
A45: Pumps
A46: BR4.UTILITIES.WATER.BS1.RWD1.BPP1101 | B46: BPP1101 - Raw Water Distribution Pump
A47: BR4.UTILITIES.WATER.BS1.RWD1.BPP1101.FieldIO | B47: BPP1101 - Field I/O
A48: BR4.UTILITIES.WATER.BS1.RWD1.BPP1101.FieldIO.FT01 | B48: BPP1101 - FT01 NPI Raw Water Flowmeter
A49: BR4.UTILITIES.WATER.BS1.RWD1.BPP1101.FieldIO.FT03 | B49: BPP1101 - FT03 NPI/PC3 Supply Flowmeter
A50: BR4.UTILITIES.WATER.BS1.RWD1.BPP1101.FieldIO.PT03 | B50: BPP1101 - PT03 Pump Discharge Pressure
A51: BR4.UTILITIES.WATER.BS1.RWD1.BPP1101.FieldIO.PT10 | B51: BPP1101 - PT10 BS1 Raw Water Distribution Pressure 1
A52: BR4.UTILITIES.WATER.BS1.RWD1.BPP1101.FieldIO.PT11 | B52: BPP1101 - PT11 BS1 Raw Water Distribution Pressure 2
A53: BR4.UTILITIES.WATER.BS1.RWD1.BPP1101.Sub | B53: BPP1101 - Feeder
A54: BR4.UTILITIES.WATER.BS1.RWD1.BPP1101.Sub.CB01 | B54: BPP1101 - Feeder Main Cicuit Breaker
A55: BR4.UTILITIES.WATER.BS1.RWD1.BPP1101.VS01 | B55: BPP1101 - Raw Water Distribution Pump VSD
A56: BR4.UTILITIES.WATER.BS1.RWD1.BPP1102 | B56: BPP1102 - Raw Water Distribution Pump
A57: BR4.UTILITIES.WATER.BS1.RWD1.BPP1102.FieldIO | B57: BPP1102 - Field I/O
... A96: BR4.UTILITIES.WATER.BS1.STD1.BPP1107.VS01 | B96: BPP1107 - Raw Water Transfer Pump VSD
A98: Standpipes
A99: BR4.UTILITIES.WATER.BS1.STD1.BSTD1106 | B99: BSTD1106 - LME Standpipe
A100: BR4.UTILITIES.WATER.BS1.STD1.BSTD1106.FieldIO | B100: BSTD1106 - Field I/O
A101: BR4.UTILITIES.WATER.BS1.STD1.BSTD1106.FieldIO.FT03 | B101: BSTD1106 - FT03 LME Standpipe Flowmeter
A102: BR4.UTILITIES.WATER.BS1.STD1.BSTD1106.FV03 | B102: BSTD1106 - FV03 LME Standpipe Flow Valve
A103: BR4.UTILITIES.WATER.BS1.STD1.BSTD1106.FV03.FieldIO | B103: BSTD1106 - FV03 LME Standpipe Flow Valve Field I/O
A104: BR4.UTILITIES.WATER.BS1.STD1.BSTD1106.FV03.FieldIO.CB01 | B104: BSTD1106 - FV03 Cicuit Breaker
A105: BR4.UTILITIES.WATER.BS1.STD1.BSTD1106.FV03.FieldIO.ZC01 | B105: BSTD1106 - FV03 Position Controller
A106: BR4.UTILITIES.WATER.BS1.STD1.BSTD1106.FV03.FieldIO.ZT01 | B106: BSTD1106 - FV03 Position
A107: BR4.UTILITIES.WATER.BS1.STD1.BSTD1107 | B107: BSTD1107 - HME Standpipe
A108: BR4.UTILITIES.WATER.BS1.STD1.BSTD1107.FieldIO | B108: BSTD1107 - Field I/O
A109: BR4.UTILITIES.WATER.BS1.STD1.BSTD1107.FieldIO.FT02 | B109: BSTD1107 - FT02 HME Standpipe Flowmeter
A110: BR4.UTILITIES.WATER.BS1.STD1.BSTD1107.FV02 | B110: BSTD1107 - FV02 HME Standpipe Flow Valve
... A114: BR4.UTILITIES.WATER.BS1.STD1.BSTD1107.FV02.FieldIO.ZT01 | B114: BSTD1107 - FV02 Position
A116: West Turkeys Nest
A117: BR4.UTILITIES.WATER.BS1.BTY1502 | B117: BTY1502 - West Turkeys Nest
A118: BR4.UTILITIES.WATER.BS1.BTY1502.FieldIO | B118: BTY1502 - West Turkeys Nest Field I/O
A119: BR4.UTILITIES.WATER.BS1.BTY1502.FieldIO.FT01 | B119: BTY1502 - FT01 WTN East Pit Flowmeter
A120: BR4.UTILITIES.WATER.BS1.BTY1502.FieldIO.FT02 | B120: BTY1502 - FT02 Recirculation Flowmeter
A121: BR4.UTILITIES.WATER.BS1.BTY1502.FieldIO.FT03 | B121: BTY1502 - FT03 WTN West Pit Flowmeter
A122: BR4.UTILITIES.WATER.BS1.BTY1502.FieldIO.LT01 | B122: BTY1502 - LT01 West Turkeys Nest Level 1
A123: BR4.UTILITIES.WATER.BS1.BTY1502.FieldIO.LT02 | B123: BTY1502 - LT02 West Turkeys Nest Level 2
A124: BR4.UTILITIES.WATER.BS1.BTY1502.FieldIO.PT01 | B124: BTY1502 - PT01 WTN East Pit Line Pressure
A125: BR4.UTILITIES.WATER.BS1.BTY1502.FieldIO.PT03 | B125: BTY1502 - PT03 WTN West Pit Line Pressure
A126: BR4.UTILITIES.WATER.BS1.BTY1502.FV01 | B126: BTY1502 - FV01 West Turkeys Nest Recirculation Valve
A127: BR4.UTILITIES.WATER.BS1.BTY1502.FV01.FieldIO | B127: BTY1502 - FV01 West Turkeys Nest Recirculation Valve Field IO
A128: BR4.UTILITIES.WATER.BS1.BTY1502.FV01.FieldIO.CB01 | B128: BTY1502 - FV01 West Turkeys Nest Recirculation Valve Circuit Breaker
... A130: BR4.UTILITIES.WATER.BS1.BTY1502.FV01.FieldIO.ZT01 | B130: BTY1502 - FV01 West Turkeys Nest Recirculation Valve Position
A132: FireWater Tanks
A133: BR4.UTILITIES.WATER.BS1.P3FIREWATER.BTK2101.FieldIO.LT01 | B133: BTK2101 - LT01 BS1 NPI Firewater Tank 1 Level 1
A134: BR4.UTILITIES.WATER.BS1.P3FIREWATER.BTK2101.FieldIO | B134: BTK2101 - BS1 NPI Firewater Tank 1 Field I/O
A135: BR4.UTILITIES.WATER.BS1.P3FIREWATER.BTK2101 | B135: BTK2101 - BS1 NPI Firewater Tank 1
A136: BR4.UTILITIES.WATER.BS1.P3FIREWATER.BTK2102.FieldIO.LT01 | B136: BTK2102 - LT01 BS1 NPI Firewater Tank 2 Level 1
A137: BR4.UTILITIES.WATER.BS1.P3FIREWATER.BTK2102.FieldIO | B137: BTK2102 - BS1 NPI Firewater Tank 2 Field I/O
A138: BR4.UTILITIES.WATER.BS1.P3FIREWATER.BTK2102 | B138: BTK2102 - BS1 NPI Firewater Tank 2
A140: BR4.UTILITIES.WATER.BS1.RWD1 | B140: West Turkeys Nest Raw Water Distribution Pumps
A141: BR4.UTILITIES.WATER.BS1.RWT | B141: West Turkeys Nest Raw Water Transfer Pumps
A142: BR4.UTILITIES.WATER.BS1.STD1 | B142: West Turkeys Nest Standpipe Pumps

Sheet Variables
A1: BR4.SRV.CTRLSYS.PLC.BPL131.Drop02 | B1: I | C1: BTY1502DX02CB01_I | D1: BR4_Cluster1 | E1: BPL131 | F1: DIGITAL | G1: %M1000 | H1: West Turkeys Nest DIO Box 2 240VAC BTY1502AX01 Control Supply Circuit Breaker (Q106) Closed | K1: BS1_Tags
A2: BR4.SRV.PWR.BSR131.BMC1311.Sub.CB01 | B2: Hty | C2: BMC1311CB01_Hty | D2: BR4_Cluster1 | E2: BPL131 | F2: DIGITAL | G2: %M10000 | H2: HME Refuelling MCC Main Circuit Breaker (Q103) Open Healthy | K2: BS1_Tags
A3: BR4.SRV.PWR.BSR131.BMC1311.Sub.CB01 | B3: Hty | C3: BMC1311TRP01_Hty | D3: BR4_Cluster1 | E3: BPL131 | F3: DIGITAL | G3: %M10001 | H3: HME Refuelling MCC Main Circuit Breaker Trip Healthy | K3: BS1_Tags
A4: BR4.SRV.PWR.BSR131.BMC1311 | B4: Hty | C4: BMC1311VDC01_Hty | D4: BR4_Cluster1 | E4: BPL131 | F4: DIGITAL | G4: %M10002 | H4: HME Refuelling MCC 24VDC Control Supply (Q155) Failure Healthy | K4: BS1_Tags
A5: BR4.SRV.PWR.BSR131.BMC131.INC01 | B5: Hty | C5: BMC131INC01CB02_Hty | D5: BR4_Cluster1 | E5: BPL131 | F5: DIGITAL | G5: %M10003 | H5: BMC131 Process Bus Incomer Arc Flash Supply (Q204) Open Healthy | K5: BS1_Tags
A6: BR4.SRV.PWR.BSR131.BMC131.INC01 | B6: Hty | C6: BMC131INC01CB03_Hty | D6: BR4_Cluster1 | E6: BPL131 | F6: DIGITAL | G6: %M10004 | H6: BMC131 Process Bus Incomer Circuit Breaker Spring Charge Supply (Q212) Open Healthy | K6: BS1_Tags
A7: BR4.SRV.PWR.BSR131.BMC131.INC01 | B7: Hty | C7: BMC131INC01CB04_Hty | D7: BR4_Cluster1 | E7: BPL131 | F7: DIGITAL | G7: %M10005 | H7: BMC131 Process Bus Incomer Circuit Breaker Trip Supply (Q220) Open Healthy | K7: BS1_Tags
A8: BR4.SRV.PWR.BSR131.BMC131.INC01 | B8: Hty | C8: BMC131INC01CB05_Hty | D8: BR4_Cluster1 | E8: BPL131 | F8: DIGITAL | G8: %M10006 | H8: BMC131 Process Bus Incomer Circuit Breaker 24VDC Cubicle Bus Supply (Q256) Open Healthy | K8: BS1_Tags
A9: BR4.SRV.PWR.BSR131.BMC131.INC01 | B9: Hty | C9: BMC131INC01CB06_Hty | D9: BR4_Cluster1 | E9: BPL131 | F9: DIGITAL | G9: %M10007 | H9: BMC131 Process Bus Incomer 110VDC/24VDC Power Supply (Q215) Open Healthy | K9: BS1_Tags
A10: BR4.SRV.PWR.BSR131.BMC131.INC01 | B10: CB_PwrOK | C10: BMC131INC01PR1_CB_PwrOK | D10: BR4_Cluster1 | E10: BPL131 | F10: DIGITAL | G10: %M10008 | H10: BMC131 Process Bus Incomer Protection Relay Main Power to Drive Healthy | K10: BS1_Tags
A11: BR4.SRV.PWR.BSR131.BMC131.INC01 | B11: CBCls | C11: BMC131INC01PR1_CBCls | D11: BR4_Cluster1 | E11: BPL131 | F11: DIGITAL | G11: %M10009 | H11: BMC131 Process Bus Incomer Protection Relay Circuit Breaker Closed | K11: BS1_Tags
A12: BR4.UTILITIES.WATER.BS1.BTY1502.FieldIO | B12: I | C12: BTY1502DX02VDC01_I | D12: BR4_Cluster1 | E12: BPL131 | F12: DIGITAL | G12: %M1001 | H12: West Turkeys Nest DIO Box 2 24VDC Output Control Supply (Q143) Healthy | K12: BS1_Tags
... A1701: BR4.SRV.CTRLSYS.PLC.BPL131 | B1701: ScnMin | C1701: BPL131_ScnMin | D1701: BR4_Cluster1 | E1701: BPL131 | F1701: INT | G1701: %MW1138 | H1701: NPI Hub PLC CPU Minimum Scan Time (ms) | K1701: BS1_Tags
A1702: BR4.SRV.CTRLSYS.PLC.BPL131 | B1702: ScanTm | C1702: BPL131_ScnVal | D1702: BR4_Cluster1 | E1702: BPL131 | F1702: INT | G1702: %MW1139 | H1702: NPI Hub PLC CPU Last Scan Time (ms) | I1702: 0 | J1702: 1000 | K1702: BS1_Tags
A1703: BR4.SRV.CTRLSYS.PLC.BPL131 | B1703: SysScnAvg | C1703: BPL131_SysScnAvg | D1703: BR4_Cluster1 | E1703: BPL131 | F1703: INT | G1703: %MW1140 | H1703: NPI Hub PLC CPU Average Overhead Scan Time (ms) | K1703: BS1_Tags
A1704: BR4.SRV.CTRLSYS.PLC.BPL131 | B1704: SysScnMax | C1704: BPL131_SysScnMax | D1704: BR4_Cluster1 | E1704: BPL131 | F1704: INT | G1704: %MW1141 | H1704: NPI Hub PLC CPU Maximum Overhead Scan Time (ms) | K1704: BS1_Tags
A1705: BR4.SRV.CTRLSYS.PLC.BPL131 | B1705: SysScnMin | C1705: BPL131_SysScnMin | D1705: BR4_Cluster1 | E1705: BPL131 | F1705: INT | G1705: %MW1142 | H1705: NPI Hub PLC CPU Minimum Overhead Scan Time (ms) | K1705: BS1_Tags
A1706: BR4.SRV.CTRLSYS.PLC.BPL131 | B1706: SysScnVal | C1706: BPL131_SysScnVal | D1706: BR4_Cluster1 | E1706: BPL131 | F1706: INT | G1706: %MW1143 | H1706: NPI Hub PLC CPU Last Overhead Scan Time (ms) | K1706: BS1_Tags
A1707: BR4.SRV.CTRLSYS.PLC.BPL131 | B1707: WD | C1707: BPL131_WD | D1707: BR4_Cluster1 | E1707: BPL131 | F1707: INT | G1707: %MW1144 | H1707: NPI Hub PLC CPU Heart Beat Watchdog | K1707: BS1_Tags
A1708: BR4.SRV.CTRLSYS.PLC.BPL131 | B1708: BPL131PLM0STS2 | C1708: BPL131PLM0STS2 | D1708: BR4_Cluster1 | E1708: BPL131 | F1708: INT | G1708: %MW1145[4] | H1708: NPI Hub PLC CPU RIO Network Status Data | K1708: BS1_Tags
A1709: BR4.UTILITIES.WATER.BS1.RWD1.BPP1101 | B1709: BPP1101DRVSTAT | C1709: BPP1101DRVSTAT | D1709: BR4_Cluster1 | E1709: BPL131 | F1709: INT | G1709: %MW1183 | H1709: Production Plant and NPI Water Supply Pump 1 Status Word | K1709: BS1_Tags
A1710: BR4.UTILITIES.WATER.BS1.RWD1.BPP1102 | B1710: BPP1102DRVSTAT | C1710: BPP1102DRVSTAT | D1710: BR4_Cluster1 | E1710: BPL131 | F1710: INT | G1710: %MW1277 | H1710: Production Plant and NPI Water Supply Pump 2 Status Word | K1710: BS1_Tags
A1711: BR4.UTILITIES.WATER.BS1.RWT.BPP1103 | B1711: BPP1103DRVSTAT | C1711: BPP1103DRVSTAT | D1711: BR4_Cluster1 | E1711: BPL131 | F1711: INT | G1711: %MW1307 | H1711: Water Transfer Pump 1 Status Word | K1711: BS1_Tags
A1712: BR4.UTILITIES.WATER.BS1.RWT.BPP1103.FieldIO.FT03 | B1712: Tot | C1712: BPP1103FT03_Tot | D1712: BR4_Cluster1 | E1712: BPL131 | F1712: INT | G1712: %MW1308[18] | H1712: Water Transfer Pump 1 Flow Rate (m3/h) Flow Totals | K1712: BS1_Tags
A1713: BR4.UTILITIES.WATER.BS1.RWT.BPP1103.FieldIO.FT06 | B1713: Tot | C1713: BPP1103FT06_Tot | D1713: BR4_Cluster1 | E1713: BPL131 | F1713: INT | G1713: %MW1326[18] | H1713: Water Transfer Pump 1 Flow Rate (m3/h) Flow Totals | K1713: BS1_Tags
A1714: BR4.UTILITIES.WATER.BS1.RWT.BPP1104 | B1714: BPP1104DRVSTAT | C1714: BPP1104DRVSTAT | D1714: BR4_Cluster1 | E1714: BPL131 | F1714: INT | G1714: %MW1381 | H1714: Water Transfer Pump 2 Status Word | K1714: BS1_Tags
... A1746: BR4.UTILITIES.WATER.BS1.BTY1502.FieldIO.FT03 | B1746: Tot | C1746: BTY1502FT03_Tot | D1746: BR4_Cluster1 | E1746: BPL131 | F1746: INT | G1746: %MW2658[18] | H1746: West Turkeys Nest Flow Rate (m3/h) Flow Totals | K1746: BS1_Tags
A1747: BR4.SRV.PWR.BSR131.BC02.BACS | B1747: Str1I | C1747: BSR131BC02BACSDAT1_Str1I | D1747: BR4_Cluster1 | E1747: BPL131 | F1747: INT | G1747: %MW4005 | H1747: BSR131BC02 Battery Charger BACS String 1 Current | I1747: 0 | J1747: 1000 | K1747: BS1_Tags
A1748: BR4.SRV.PWR.BSR131.BC02.BACS | B1748: Str1AltI | C1748: BSR131BC02BACSDAT1_Str1AltI | D1748: BR4_Cluster1 | E1748: BPL131 | F1748: INT | G1748: %MW4006 | H1748: BSR131BC02 Battery Charger BACS String 1 AC Current | I1748: 0 | J1748: 1000 | K1748: BS1_Tags
A1749: BR4.SRV.PWR.BSR131.BC02.BACS | B1749: Str1SumV | C1749: BSR131BC02BACSDAT1_Str1SumV | D1749: BR4_Cluster1 | E1749: BPL131 | F1749: INT | G1749: %MW4007 | H1749: BSR131BC02 Battery Charger BACS String 1 Overall Voltage | I1749: 0 | J1749: 1000 | K1749: BS1_Tags
A1750: BR4.SRV.PWR.BSR131.BC02.BACS | B1750: Str1AvgV | C1750: BSR131BC02BACSDAT1_Str1AvgV | D1750: BR4_Cluster1 | E1750: BPL131 | F1750: INT | G1750: %MW4008 | H1750: BSR131BC02 Battery Charger BACS String 1 Average Voltage | I1750: 0 | J1750: 1000 | K1750: BS1_Tags
A1751: BR4.SRV.PWR.BSR131.BC02.BACS | B1751: Mod1Tmp | C1751: BSR131BC02BACSDAT1_Mod1Tmp | D1751: BR4_Cluster1 | E1751: BPL131 | F1751: INT | G1751: %MW4009 | H1751: BSR131BC02 Battery Charger BACS Module 1 Temperature | I1751: 0 | J1751: 100 | K1751: BS1_Tags
A1752: BR4.SRV.PWR.BSR131.BC02.BACS | B1752: Mod1V | C1752: BSR131BC02BACSDAT1_Mod1V | D1752: BR4_Cluster1 | E1752: BPL131 | F1752: INT | G1752: %MW4010 | H1752: BSR131BC02 Battery Charger BACS Module 1 Voltage | I1752: 0 | J1752: 1000 | K1752: BS1_Tags
A1753: BR4.SRV.PWR.BSR131.BC02.BACS | B1753: Mod1Imp | C1753: BSR131BC02BACSDAT1_Mod1Imp | D1753: BR4_Cluster1 | E1753: BPL131 | F1753: INT | G1753: %MW4011 | H1753: BSR131BC02 Battery Charger BACS Module 1 Impedance | I1753: 0 | J1753: 1000 | K1753: BS1_Tags
A1754: BR4.SRV.PWR.BSR131.BC02.BACS | B1754: Mod1EqPerc | C1754: BSR131BC02BACSDAT1_Mod1EqPerc | D1754: BR4_Cluster1 | E1754: BPL131 | F1754: INT | G1754: %MW4013 | H1754: BSR131BC02 Battery Charger BACS Module 1 Equalizing / Balancing | I1754: 0 | J1754: 100 | K1754: BS1_Tags
A1755: BR4.SRV.PWR.BSR131.BC02.BACS | B1755: Mod2Tmp | C1755: BSR131BC02BACSDAT1_Mod2Tmp | D1755: BR4_Cluster1 | E1755: BPL131 | F1755: INT | G1755: %MW4014 | H1755: BSR131BC02 Battery Charger BACS Module 2 Temperature | I1755: 0 | J1755: 100 | K1755: BS1_Tags
A1756: BR4.SRV.PWR.BSR131.BC02.BACS | B1756: Mod2V | C1756: BSR131BC02BACSDAT1_Mod2V | D1756: BR4_Cluster1 | E1756: BPL131 | F1756: INT | G1756: %MW4015 | H1756: BSR131BC02 Battery Charger BACS Module 2 Voltage | I1756: 0 | J1756: 1000 | K1756: BS1_Tags
A1757: BR4.SRV.PWR.BSR131.BC02.BACS | B1757: Mod2Imp | C1757: BSR131BC02BACSDAT1_Mod2Imp | D1757: BR4_Cluster1 | E1757: BPL131 | F1757: INT | G1757: %MW4016 | H1757: BSR131BC02 Battery Charger BACS Module 2 Impedance | I1757: 0 | J1757: 1000 | K1757: BS1_Tags
A1758: BR4.SRV.PWR.BSR131.BC02.BACS | B1758: Mod2EqPerc | C1758: BSR131BC02BACSDAT1_Mod2EqPerc | D1758: BR4_Cluster1 | E1758: BPL131 | F1758: INT | G1758: %MW4018 | H1758: BSR131BC02 Battery Charger BACS Module 2 Equalizing / Balancing | I1758: 0 | J1758: 100 | K1758: BS1_Tags
... A1786: BR4.SRV.PWR.BSR131.BC02.BACS | B1786: Mod9EqPerc | C1786: BSR131BC02BACSDAT1_Mod9EqPerc | D1786: BR4_Cluster1 | E1786: BPL131 | F1786: INT | G1786: %MW4053 | H1786: BSR131BC02 Battery Charger BACS Module 9 Equalizing / Balancing | I1786: 0 | J1786: 100 | K1786: BS1_Tags
A1787: BR4.SRV.PWR.BSR131.UP01.UPScale | B1787: AlmID1 | C1787: BSR131UP01DAT1_AlmID1 | D1787: BR4_Cluster1 | E1787: BPL131 | F1787: INT | G1787: %MW4201 | H1787: BSR131UP01 UPS Alarm ID 1 | K1787: BS1_Tags
A1788: BR4.SRV.PWR.BSR131.UP01.UPScale | B1788: AlmID2 | C1788: BSR131UP01DAT1_AlmID2 | D1788: BR4_Cluster1 | E1788: BPL131 | F1788: INT | G1788: %MW4202 | H1788: BSR131UP01 UPS Alarm ID 2 | K1788: BS1_Tags
A1789: BR4.SRV.PWR.BSR131.UP01.UPScale | B1789: InVPhs1 | C1789: BSR131UP01DAT1_InVPhs1 | D1789: BR4_Cluster1 | E1789: BPL131 | F1789: INT | G1789: %MW4207 | H1789: BSR131UP01 UPS Input Voltage Phase 1 (V) | I1789: 0 | J1789: 1000 | K1789: BS1_Tags
A1790: BR4.SRV.PWR.BSR131.UP01.UPScale | B1790: InVPhs2 | C1790: BSR131UP01DAT1_InVPhs2 | D1790: BR4_Cluster1 | E1790: BPL131 | F1790: INT | G1790: %MW4208 | H1790: BSR131UP01 UPS Input Voltage Phase 2 (V) | I1790: 0 | J1790: 1000 | K1790: BS1_Tags
A1791: BR4.SRV.PWR.BSR131.UP01.UPScale | B1791: InVPhs3 | C1791: BSR131UP01DAT1_InVPhs3 | D1791: BR4_Cluster1 | E1791: BPL131 | F1791: INT | G1791: %MW4209 | H1791: BSR131UP01 UPS Input Voltage Phase 3 (V) | I1791: 0 | J1791: 1000 | K1791: BS1_Tags
A1792: BR4.SRV.PWR.BSR131.UP01.UPScale | B1792: Tmp | C1792: BSR131UP01DAT1_Tmp | D1792: BR4_Cluster1 | E1792: BPL131 | F1792: INT | G1792: %MW4210 | H1792: BSR131UP01 UPS Temperature (C) | I1792: 0 | J1792: 100 | K1792: BS1_Tags
A1793: BR4.SRV.PWR.BSR131.UP01.UPScale | B1793: BatTmRemn | C1793: BSR131UP01DAT1_BatTmRemn | D1793: BR4_Cluster1 | E1793: BPL131 | F1793: INT | G1793: %MW4211 | H1793: BSR131UP01 UPS Battery Time Remaining (min) | I1793: 0 | J1793: 10000 | K1793: BS1_Tags
A1794: BR4.SRV.PWR.BSR131.UP01.UPScale | B1794: BatV | C1794: BSR131UP01DAT1_BatV | D1794: BR4_Cluster1 | E1794: BPL131 | F1794: INT | G1794: %MW4212 | H1794: BSR131UP01 UPS Battery Voltage (V) | I1794: 0 | J1794: 1000 | K1794: BS1_Tags
A1795: BR4.SRV.PWR.BSR131.UP01.BACS | B1795: Str1I | C1795: BSR131UP01BACSDAT1_Str1I | D1795: BR4_Cluster1 | E1795: BPL131 | F1795: INT | G1795: %MW5005 | H1795: BSR131UP01 UPS BACS String 1 Current | I1795: 0 | J1795: 1000 | K1795: BS1_Tags
A1796: BR4.SRV.PWR.BSR131.UP01.BACS | B1796: Str1AltI | C1796: BSR131UP01BACSDAT1_Str1AltI | D1796: BR4_Cluster1 | E1796: BPL131 | F1796: INT | G1796: %MW5006 | H1796: BSR131UP01 UPS BACS String 1 AC Current | I1796: 0 | J1796: 1000 | K1796: BS1_Tags
A1797: BR4.SRV.PWR.BSR131.UP01.BACS | B1797: Str1SumV | C1797: BSR131UP01BACSDAT1_Str1SumV | D1797: BR4_Cluster1 | E1797: BPL131 | F1797: INT | G1797: %MW5007 | H1797: BSR131UP01 UPS BACS String 1 Overall Voltage | I1797: 0 | J1797: 1000 | K1797: BS1_Tags
A1798: BR4.SRV.PWR.BSR131.UP01.BACS | B1798: Str1AvgV | C1798: BSR131UP01BACSDAT1_Str1AvgV | D1798: BR4_Cluster1 | E1798: BPL131 | F1798: INT | G1798: %MW5008 | H1798: BSR131UP01 UPS BACS String 1 Average Voltage | I1798: 0 | J1798: 1000 | K1798: BS1_Tags
A1799: BR4.SRV.PWR.BSR131.UP01.BACS | B1799: Str1Mod1Tmp | C1799: BSR131UP01BACSDAT1_Str1Mod1Tmp | D1799: BR4_Cluster1 | E1799: BPL131 | F1799: INT | G1799: %MW5009 | H1799: BSR131UP01 UPS BACS String 1 Module 1 Temperature | I1799: 0 | J1799: 100 | K1799: BS1_Tags
A1800: BR4.SRV.PWR.BSR131.UP01.BACS | B1800: Str1Mod1V | C1800: BSR131UP01BACSDAT1_Str1Mod1V | D1800: BR4_Cluster1 | E1800: BPL131 | F1800: INT | G1800: %MW5010 | H1800: BSR131UP01 UPS BACS String 1 Module 1 Voltage | I1800: 0 | J1800: 1000 | K1800: BS1_Tags
... A2122: BR4.SRV.PWR.BSR131.UP01.BACS | B2122: Str2Mod22Tmp | C2122: BSR131UP01BACSDAT1_Str2Mod22Tmp | D2122: BR4_Cluster1 | E2122: BPL131 | F2122: INT | G2122: %MW5318 | H2122: BSR131UP01 UPS BACS String 2 Module 22 Temperature | I2122: 0 | J2122: 100 | K2122: BS1_Tags
A2123: BR4.UTILITIES.WATER.BS1.RWD1.BPP1101 | B2123: Cmd | C2123: BPP1101PIC01_Cmd | D2123: BR4_Cluster1 | E2123: BPL131 | F2123: INT | G2123: %MW7006 | H2123: BPP1101 Pressure Controller HMI Commands | K2123: BS1_Tags
A2124: BR4.UTILITIES.WATER.BS1.RWT.BPP1103 | B2124: Cmd | C2124: BPP1103LIC01_Cmd | D2124: BR4_Cluster1 | E2124: BPL131 | F2124: INT | G2124: %MW7030 | H2124: West Turkeys Nest Level Controller HMI Commands | K2124: BS1_Tags
A2125: BR4.UTILITIES.WATER.BS1.STD1.BSTD1106 | B2125: Cmd | C2125: BSTD1106FIC01_Cmd | D2125: BR4_Cluster1 | E2125: BPL131 | F2125: INT | G2125: %MW7066 | H2125: West Turkeys Nest LME Standpipe Flow Controller HMI Commands | K2125: BS1_Tags
A2126: BR4.UTILITIES.WATER.BS1.STD1.BSTD1107 | B2126: Cmd | C2126: BSTD1107FIC01_Cmd | D2126: BR4_Cluster1 | E2126: BPL131 | F2126: INT | G2126: %MW7078 | H2126: West Turkeys Nest HME Standpipe Flow Controller HMI Commands | K2126: BS1_Tags
A2127: BR4.SRV.PWR.BSR131.BMC131.INC01 | B2127: BMC131INC01PR1DAT1 | C2127: BMC131INC01PR1DAT1 | D2127: BR4_Cluster1 | E2127: BPL131 | F2127: INT | G2127: %MW900[74] | H2127: BMC131 Process Bus Incomer Protection Relay Status Data for HMI Display | K2127: BS1_Tags
A2128: BR4.SRV.PWR.BSR131.BMC131.INC02 | B2128: BMC131INC02PR1DAT1 | C2128: BMC131INC02PR1DAT1 | D2128: BR4_Cluster1 | E2128: BPL131 | F2128: INT | G2128: %MW976[74] | H2128: BMC131 Essential Bus Incomer Protection Relay Status Data for HMI Display | K2128: BS1_Tags
A2129: BR4.UTILITIES.WATER.BS1.RWD1.BPP1101 | B2129: RunTm | C2129: BPP1101_RunTm | D2129: BR4_Cluster1 | E2129: BPL131 | F2129: LONG | G2129: %MD1180 | H2129: Production Plant and NPI Water Supply Pump 1 Running Time Totaliser (min) | K2129: BS1_Tags
A2130: BR4.UTILITIES.WATER.BS1.RWD1.BPP1102 | B2130: RunTm | C2130: BPP1102_RunTm | D2130: BR4_Cluster1 | E2130: BPL131 | F2130: LONG | G2130: %MD1274 | H2130: Production Plant and NPI Water Supply Pump 2 Running Time Totaliser (min) | K2130: BS1_Tags
A2131: BR4.UTILITIES.WATER.BS1.RWT.BPP1103 | B2131: RunTm | C2131: BPP1103_RunTm | D2131: BR4_Cluster1 | E2131: BPL131 | F2131: LONG | G2131: %MD1304 | H2131: Water Transfer Pump 1 Running Time Totaliser (min) | K2131: BS1_Tags
A2132: BR4.UTILITIES.WATER.BS1.RWT.BPP1104 | B2132: RunTm | C2132: BPP1104_RunTm | D2132: BR4_Cluster1 | E2132: BPL131 | F2132: LONG | G2132: %MD1378 | H2132: Water Transfer Pump 2 Running Time Totaliser (min) | K2132: BS1_Tags
A2133: BR4.UTILITIES.WATER.BS1.RWT.BPP1105 | B2133: RunTm | C2133: BPP1105_RunTm | D2133: BR4_Cluster1 | E2133: BPL131 | F2133: LONG | G2133: %MD1426 | H2133: Water Transfer Pump 3 Running Time Totaliser (min) | K2133: BS1_Tags
A2134: BR4.UTILITIES.WATER.BS1.STD1.BPP1106 | B2134: RunTm | C2134: BPP1106_RunTm | D2134: BR4_Cluster1 | E2134: BPL131 | F2134: LONG | G2134: %MD1474 | H2134: HME & LME Standpipe Pump 3 Running Time Totaliser (min) | K2134: BS1_Tags
... A2142: BR4.UTILITIES.WATER.BS1.RWD1.BPP1107.VS01 | B2142: FltID | C2142: BPP1107VS01DAT1_FltID | D2142: BR4_Cluster1 | E2142: BPL131 | F2142: LONG | G2142: %MD6600 | H2142: BPP1107VS01 VVVF Drive Fault ID | K2142: BS1_Tags
A2143: BR4.SRV.PWR.BSR131.BMC131.INC02.MasterPact | B2143: In | C2143: BMC131INC02PR1DAT1_In | D2143: BR4_Cluster1 | E2143: BPL131 | F2143: REAL | G2143: %MF1000 | H2143: BMC131INC02 Process Incomer MasterPact RMS Current on Neutral | I2143: 0 | J2143: 1000 | K2143: BS1_Tags
A2144: BR4.SRV.PWR.BSR131.BMC131.INC02.MasterPact | B2144: Vab | C2144: BMC131INC02PR1DAT1_Vab | D2144: BR4_Cluster1 | E2144: BPL131 | F2144: REAL | G2144: %MF1002 | H2144: BMC131INC02 Process Incomer MasterPact RMS Phase A to B Voltage | I2144: 0 | J2144: 1000 | K2144: BS1_Tags
A2145: BR4.SRV.PWR.BSR131.BMC131.INC02.MasterPact | B2145: Vbc | C2145: BMC131INC02PR1DAT1_Vbc | D2145: BR4_Cluster1 | E2145: BPL131 | F2145: REAL | G2145: %MF1004 | H2145: BMC131INC02 Process Incomer MasterPact RMS Phase B to C Voltage | I2145: 0 | J2145: 1000 | K2145: BS1_Tags
A2146: BR4.SRV.PWR.BSR131.BMC131.INC02.MasterPact | B2146: Vca | C2146: BMC131INC02PR1DAT1_Vca | D2146: BR4_Cluster1 | E2146: BPL131 | F2146: REAL | G2146: %MF1006 | H2146: BMC131INC02 Process Incomer MasterPact RMS Phase C to A Voltage | I2146: 0 | J2146: 1000 | K2146: BS1_Tags
A2147: BR4.SRV.PWR.BSR131.BMC131.INC02.MasterPact | B2147: Van | C2147: BMC131INC02PR1DAT1_Van | D2147: BR4_Cluster1 | E2147: BPL131 | F2147: REAL | G2147: %MF1008 | H2147: BMC131INC02 Process Incomer MasterPact RMS Phase A Voltage | I2147: 0 | J2147: 1000 | K2147: BS1_Tags
A2148: BR4.SRV.PWR.BSR131.BMC131.INC02.MasterPact | B2148: Vbn | C2148: BMC131INC02PR1DAT1_Vbn | D2148: BR4_Cluster1 | E2148: BPL131 | F2148: REAL | G2148: %MF1010 | H2148: BMC131INC02 Process Incomer MasterPact RMS Phase B Voltage | I2148: 0 | J2148: 1000 | K2148: BS1_Tags
A2149: BR4.SRV.PWR.BSR131.BMC131.INC02.MasterPact | B2149: Vcn | C2149: BMC131INC02PR1DAT1_Vcn | D2149: BR4_Cluster1 | E2149: BPL131 | F2149: REAL | G2149: %MF1012 | H2149: BMC131INC02 Process Incomer MasterPact RMS Phase C Voltage | I2149: 0 | J2149: 1000 | K2149: BS1_Tags
A2150: BR4.SRV.PWR.BSR131.BMC131.INC02.MasterPact | B2150: Ig | C2150: BMC131INC02PR1DAT1_Ig | D2150: BR4_Cluster1 | E2150: BPL131 | F2150: REAL | G2150: %MF1022 | H2150: BMC131INC02 Process Incomer MasterPact Ground Fault Current | I2150: 0 | J2150: 1000 | K2150: BS1_Tags
A2151: BR4.SRV.PWR.BSR131.BMC131.INC02.MasterPact | B2151: PwrAct | C2151: BMC131INC02PR1DAT1_PwrAct | D2151: BR4_Cluster1 | E2151: BPL131 | F2151: REAL | G2151: %MF1024 | H2151: BMC131INC02 Process Incomer MasterPact Total Active Power | I2151: 0 | J2151: 10000 | K2151: BS1_Tags
A2152: BR4.SRV.PWR.BSR131.BMC131.INC02.MasterPact | B2152: PwrRct | C2152: BMC131INC02PR1DAT1_PwrRct | D2152: BR4_Cluster1 | E2152: BPL131 | F2152: REAL | G2152: %MF1026 | H2152: BMC131INC02 Process Incomer MasterPact Total Reactive Power | I2152: 0 | J2152: 10000 | K2152: BS1_Tags
A2153: BR4.SRV.PWR.BSR131.BMC131.INC02.MasterPact | B2153: PwrApr | C2153: BMC131INC02PR1DAT1_PwrApr | D2153: BR4_Cluster1 | E2153: BPL131 | F2153: REAL | G2153: %MF1028 | H2153: BMC131INC02 Process Incomer MasterPact Total Apparent Power | I2153: 0 | J2153: 10000 | K2153: BS1_Tags
A2154: BR4.SRV.PWR.BSR131.BMC131.INC02.MasterPact | B2154: PF | C2154: BMC131INC02PR1DAT1_PF | D2154: BR4_Cluster1 | E2154: BPL131 | F2154: REAL | G2154: %MF1030 | H2154: BMC131INC02 Process Incomer MasterPact Total Power Factor | I2154: 0 | J2154: 1 | K2154: BS1_Tags
... A2217: BR4.SRV.PWR.BSR131.BMC131.INC02.MasterPact | B2217: Ic | C2217: BMC131INC02PR1DAT1_Ic | D2217: BR4_Cluster1 | E2217: BPL131 | F2217: REAL | G2217: %MF998 | H2217: BMC131INC02 Process Incomer MasterPact RMS Current on Phase C | I2217: 0 | J2217: 1000 | K2217: BS1_Tags
A2218: BR4.UTILITIES.WATER.BS1.RWD1.BPP1101 | B2218: PV | C2218: BPP1101PIC01_PV | D2218: BR4_Cluster1 | E2218: BPL131 | F2218: REAL | G2218: %MW1242 | H2218: BPP1101 Pressure Controller Process Variable | K2218: BS1_Tags
A2219: BR4.UTILITIES.WATER.BS1.RWD1.BPP1101 | B2219: SP | C2219: BPP1101PIC01_SP | D2219: BR4_Cluster1 | E2219: BPL131 | F2219: REAL | G2219: %MW1244 | H2219: BPP1101 Pressure Controller Setpoint | K2219: BS1_Tags
A2220: BR4.UTILITIES.WATER.BS1.RWT.BPP1103 | B2220: PV | C2220: BPP1103LIC01_PV | D2220: BR4_Cluster1 | E2220: BPL131 | F2220: REAL | G2220: %MW1348 | H2220: West Turkeys Nest Level Controller Process Variable | K2220: BS1_Tags
A2221: BR4.UTILITIES.WATER.BS1.RWT.BPP1103 | B2221: SP | C2221: BPP1103LIC01_SP | D2221: BR4_Cluster1 | E2221: BPL131 | F2221: REAL | G2221: %MW1350 | H2221: West Turkeys Nest Level Controller Setpoint | K2221: BS1_Tags
A2222: BR4.UTILITIES.WATER.BS1.STD1.BSTD1106 | B2222: PV | C2222: BSTD1106FIC01_PV | D2222: BR4_Cluster1 | E2222: BPL131 | F2222: REAL | G2222: %MW1596 | H2222: West Turkeys Nest LME Standpipe Flow Controller Process Variable | K2222: BS1_Tags
A2223: BR4.UTILITIES.WATER.BS1.STD1.BSTD1106 | B2223: SP | C2223: BSTD1106FIC01_SP | D2223: BR4_Cluster1 | E2223: BPL131 | F2223: REAL | G2223: %MW1598 | H2223: West Turkeys Nest LME Standpipe Flow Controller Setpoint | K2223: BS1_Tags
A2224: BR4.UTILITIES.WATER.BS1.STD1.BSTD1107 | B2224: PV | C2224: BSTD1107FIC01_PV | D2224: BR4_Cluster1 | E2224: BPL131 | F2224: REAL | G2224: %MW1622 | H2224: West Turkeys Nest HME Standpipe Flow Controller Process Variable | K2224: BS1_Tags
A2225: BR4.UTILITIES.WATER.BS1.STD1.BSTD1107 | B2225: SP | C2225: BSTD1107FIC01_SP | D2225: BR4_Cluster1 | E2225: BPL131 | F2225: REAL | G2225: %MW1624 | H2225: West Turkeys Nest HME Standpipe Flow Controller Setpoint | K2225: BS1_Tags
A2226: BR4.UTILITIES.WATER.BS1.BTY1502.FieldIO.FT01 | B2226: PV | C2226: BTY1502FT01_PV | D2226: BR4_Cluster1 | E2226: BPL131 | F2226: REAL | G2226: %MW200 | H2226: West Turkeys Nest Flow Rate (m3/h) | K2226: BS1_Tags
A2227: BR4.UTILITIES.WATER.BS1.BTY1502.FieldIO.FT03 | B2227: PV | C2227: BTY1502FT03_PV | D2227: BR4_Cluster1 | E2227: BPL131 | F2227: REAL | G2227: %MW202 | H2227: West Turkeys Nest Flow Rate (m3/h) | K2227: BS1_Tags
A2228: BR4.UTILITIES.WATER.BS1.BTY1502.FieldIO.PT01 | B2228: PV | C2228: BTY1502PT01_PV | D2228: BR4_Cluster1 | E2228: BPL131 | F2228: REAL | G2228: %MW204 | H2228: West Turkeys Nest Pressure (kPa) | K2228: BS1_Tags
A2229: BR4.UTILITIES.WATER.BS1.BTY1502.FieldIO.PT03 | B2229: PV | C2229: BTY1502PT03_PV | D2229: BR4_Cluster1 | E2229: BPL131 | F2229: REAL | G2229: %MW206 | H2229: West Turkeys Nest Pressure (kPa) | K2229: BS1_Tags
... A2255: BR4.UTILITIES.WATER.BS1.RWD1.BPP1101.FieldIO.FT01 | B2255: PV | C2255: BPP1101FT02_PV | D2255: BR4_Cluster1 | E2255: BPL131 | F2255: REAL | G2255: %MW260 | H2255: Production Plant and NPI Water Supply Pump 1 Flow Rate (m3/h) | K2255: BS1_Tags
A2256: BR4.SRV.PWR.BSR131.BC02.Cordex | B2256: SysV | C2256: BSR131BC02CordexDAT1_SysV | D2256: BR4_Cluster1 | E2256: BPL131 | F2256: REAL | G2256: %MW4404 | H2256: BSR131BC02 Battery Charger Cordex System Voltage | I2256: 0 | J2256: 1000 | K2256: BS1_Tags
A2257: BR4.SRV.PWR.BSR131.BC02.Cordex | B2257: TotLdI | C2257: BSR131BC02CordexDAT1_TotLdI | D2257: BR4_Cluster1 | E2257: BPL131 | F2257: REAL | G2257: %MW4408 | H2257: BSR131BC02 Battery Charger Cordex Total Load Current | I2257: 0 | J2257: 1000 | K2257: BS1_Tags
A2258: BR4.SRV.PWR.BSR131.BC02.Cordex | B2258: BatV | C2258: BSR131BC02CordexDAT1_BatV | D2258: BR4_Cluster1 | E2258: BPL131 | F2258: REAL | G2258: %MW4412 | H2258: BSR131BC02 Battery Charger Cordex Battery Voltage | I2258: 0 | J2258: 1000 | K2258: BS1_Tags
A2259: BR4.SRV.PWR.BSR131.BC02.Cordex | B2259: BatI | C2259: BSR131BC02CordexDAT1_BatI | D2259: BR4_Cluster1 | E2259: BPL131 | F2259: REAL | G2259: %MW4414 | H2259: BSR131BC02 Battery Charger Cordex Battery Current | I2259: 0 | J2259: 1000 | K2259: BS1_Tags
A2260: BR4.SRV.PWR.BSR131.BC02.Cordex | B2260: TotRecOPI | C2260: BSR131BC02CordexDAT1_TotRecOPI | D2260: BR4_Cluster1 | E2260: BPL131 | F2260: REAL | G2260: %MW4416 | H2260: BSR131BC02 Battery Charger Cordex Total Rectifier O/P Current | I2260: 0 | J2260: 1000 | K2260: BS1_Tags
A2261: BR4.SRV.PWR.BSR131.BC02.Cordex | B2261: TotOPPwr | C2261: BSR131BC02CordexDAT1_TotOPPwr | D2261: BR4_Cluster1 | E2261: BPL131 | F2261: REAL | G2261: %MW4418 | H2261: BSR131BC02 Battery Charger Cordex Total Output Power | I2261: 0 | J2261: 1000 | K2261: BS1_Tags
...

Sheet Alarms
A1: BR4.SRV.CTRLSYS.PLC.BPL131.Drop02 | B1: Ch01Flt_A | C1: BTY1502DX02DIO1PLM6_Ch01Flt_A | D1: BPL131 Drop 2 - BTY1502DX02 | E1: BR4_Cluster1 | F1: CAT_P3 | G1: AHI Module 6 Channel 1 Fault Alarm | I1: BPL131 | J1: BTY1502DX02 AHI Module 6 Channel 1 Fault Alarm | K1: BTY1502DX02DIO1PLM6_Ch01Flt_A | M1: BS1_Tags
A2: BR4.SRV.PWR.BSR131.BMC131.INC01 | B2: A | C2: BMC131INC01CB02_A | D2: =INDEX('Equipment Tree'!A:B,MATCH(A2,'Equipment Tree'!A:A,0),2) | E2: BR4_Cluster1 | G2: Process Bus Incomer Arc Flash Supply (Q204) Open | I2: BPL131 | J2: BMC131 Process Bus Incomer Arc Flash Supply (Q204) Open | K2: BMC131INC01CB02_A | M2: BS1_Tags
A3: BR4.SRV.PWR.BSR131.BMC131.INC01 | B3: A | C3: BMC131INC01CB03_A | D3: =INDEX('Equipment Tree'!A:B,MATCH(A3,'Equipment Tree'!A:A,0),2) | E3: BR4_Cluster1 | G3: Process Bus Incomer Incomer Circuit Breaker Spring Charge Supply (Q212) Open | I3: BPL131 | J3: BMC131 Process Bus Incomer Incomer Circuit Breaker Spring Charge Supply (Q212) Open | K3: BMC131INC01CB03_A | M3: BS1_Tags
A4: BR4.SRV.PWR.BSR131.BMC131.INC01 | B4: A | C4: BMC131INC01CB04_A | D4: =INDEX('Equipment Tree'!A:B,MATCH(A4,'Equipment Tree'!A:A,0),2) | E4: BR4_Cluster1 | G4: Process Bus Incomer Incomer Circuit Breaker Trip Supply (Q220) Open | I4: BPL131 | J4: BMC131 Process Bus Incomer Incomer Circuit Breaker Trip Supply (Q220) Open | K4: BMC131INC01CB04_A | M4: BS1_Tags
A5: BR4.SRV.PWR.BSR131.BMC131.INC01 | B5: A | C5: BMC131INC01CB05_A | D5: =INDEX('Equipment Tree'!A:B,MATCH(A5,'Equipment Tree'!A:A,0),2) | E5: BR4_Cluster1 | G5: Process Bus Incomer Incomer Circuit Breaker 24VDC Cubicle Bus Supply (Q256) Open | I5: BPL131 | J5: BMC131 Process Bus Incomer Incomer Circuit Breaker 24VDC Cubicle Bus Supply (Q256) Open | K5: BMC131INC01CB05_A | M5: BS1_Tags
A6: BR4.SRV.PWR.BSR131.BMC131.INC01 | B6: A | C6: BMC131INC01CB06_A | D6: =INDEX('Equipment Tree'!A:B,MATCH(A6,'Equipment Tree'!A:A,0),2) | E6: BR4_Cluster1 | G6: Process Bus Incomer 110VDC/24VDC Power Supply (Q215) Open | I6: BPL131 | J6: BMC131 Process Bus Incomer 110VDC/24VDC Power Supply (Q215) Open | K6: BMC131INC01CB06_A | M6: BS1_Tags
A7: BR4.SRV.PWR.BSR131.BMC131.INC01 | B7: CBCls_A | C7: BMC131INC01PR1_CBCls_A | D7: =INDEX('Equipment Tree'!A:B,MATCH(A7,'Equipment Tree'!A:A,0),2) | E7: BR4_Cluster1 | G7: Process Bus Incomer Protection Relay Circuit Breaker Alarm Alarm | I7: BPL131 | J7: BMC131 Process Bus Incomer Protection Relay Circuit Breaker Alarm Alarm | K7: BMC131INC01PR1_CBCls_A | M7: BS1_Tags
A8: BR4.SRV.PWR.BSR131.BMC131.INC01 | B8: CBFlt_A | C8: BMC131INC01PR1_CBFlt_A | D8: =INDEX('Equipment Tree'!A:B,MATCH(A8,'Equipment Tree'!A:A,0),2) | E8: BR4_Cluster1 | G8: Process Bus Incomer Protection Relay Fault Alarm | I8: BPL131 | J8: BMC131 Process Bus Incomer Protection Relay Fault Alarm | K8: BMC131INC01PR1_CBFlt_A | M8: BS1_Tags
A9: BR4.SRV.PWR.BSR131.BMC131.INC01 | B9: ComFlt_A | C9: BMC131INC01PR1_ComFlt_A | D9: =INDEX('Equipment Tree'!A:B,MATCH(A9,'Equipment Tree'!A:A,0),2) | E9: BR4_Cluster1 | G9: Process Bus Incomer Protection Relay Communications Fault Alarm Alarm | I9: BPL131 | J9: BMC131 Process Bus Incomer Protection Relay Communications Fault Alarm Alarm | K9: BMC131INC01PR1_ComFlt_A | M9: BS1_Tags
A10: BR4.SRV.PWR.BSR131.BMC131.INC01 | B10: Flt_A | C10: BMC131INC01PR1_Flt_A | D10: =INDEX('Equipment Tree'!A:B,MATCH(A10,'Equipment Tree'!A:A,0),2) | E10: BR4_Cluster1 | G10: Process Bus Incomer Protection Relay Fault Alarm Alarm | I10: BPL131 | J10: BMC131 Process Bus Incomer Protection Relay Fault Alarm Alarm | K10: BMC131INC01PR1_Flt_A | M10: BS1_Tags
A11: BR4.SRV.PWR.BSR131.BMC131.INC01 | B11: MntRqd_A | C11: BMC131INC01PR1_MntRqd_A | D11: =INDEX('Equipment Tree'!A:B,MATCH(A11,'Equipment Tree'!A:A,0),2) | E11: BR4_Cluster1 | G11: Process Bus Incomer Protection Relay Contactor Replacement Required Alarm Alarm | I11: BPL131 | J11: BMC131 Process Bus Incomer Protection Relay Contactor Replacement Required Alarm Alarm | K11: BMC131INC01PR1_MntRqd_A | M11: BS1_Tags
A12: BR4.SRV.PWR.BSR131.BMC131.INC01 | B12: A | C12: BMC131INC01TRP02_A | D12: =INDEX('Equipment Tree'!A:B,MATCH(A12,'Equipment Tree'!A:A,0),2) | E12: BR4_Cluster1 | G12: Process Bus Incomer Arc Flash Tripped | I12: BPL131 | J12: BMC131 Process Bus Incomer Arc Flash Tripped | K12: BMC131INC01TRP02_A | M12: BS1_Tags
A13: BR4.SRV.PWR.BSR131.BMC131.INC01 | B13: A | C13: BMC131INC01VDC01_A | D13: =INDEX('Equipment Tree'!A:B,MATCH(A13,'Equipment Tree'!A:A,0),2) | E13: BR4_Cluster1 | G13: Process Bus Incomer 24VDC Control Supply (Q267) Failure | I13: BPL131 | J13: BMC131 Process Bus Incomer 24VDC Control Supply (Q267) Failure | K13: BMC131INC01VDC01_A | M13: BS1_Tags
... A52: BR4.SRV.CTRLSYS.PLC.BPL131 | B52: Slot5_A | C52: BPL131PLM5_Flt_A | D52: =INDEX('Equipment Tree'!A:B,MATCH(A52,'Equipment Tree'!A:A,0),2) | E52: BR4_Cluster1 | G52: Ethernet Module Slot 5 Fault Alarm Alarm | I52: BPL131 | J52: NPI Hub PLC Ethernet Module Slot 5 Fault Alarm Alarm | K52: BPL131PLM5_Flt_A | M52: BS1_Tags
A53: =INDEX(Variables!A:C, MATCH(C53, Variables!C:C, 0), 1) | B53: 2_EqpAvlFlt_A | C53: BPP1101_2_EqpAvlFlt_A | D53: =INDEX('Equipment Tree'!A:B,MATCH(A53,'Equipment Tree'!A:A,0),2) | E53: BR4_Cluster1 | G53: No NPI and Process Water Pumps Available Fault Alarm | I53: BPL131 | J53: No NPI and Process Water Pumps Available Fault Alarm | K53: BPP1101_2_EqpAvlFlt_A | M53: BS1_Tags
A54: BR4.UTILITIES.WATER.BS1.RWD1.BPP1101.Sub.CB01 | B54: A | C54: BPP1101CB01_A | D54: =INDEX('Equipment Tree'!A:B,MATCH(A54,'Equipment Tree'!A:A,0),2) | E54: BR4_Cluster1 | G54: Production Plant and NPI Water Supply Pump 1 Main Circuit Breaker (Q103) Open | I54: BPL131 | J54: Production Plant and NPI Water Supply Pump 1 Main Circuit Breaker (Q103) Open | K54: BPP1101CB01_A | M54: BS1_Tags
A55: BR4.UTILITIES.WATER.BS1.RWD1.BPP1101 | B55: A | C55: BPP1101FS09_A | D55: =INDEX('Equipment Tree'!A:B,MATCH(A55,'Equipment Tree'!A:A,0),2) | E55: BR4_Cluster1 | G55: Pump Flow Switch Low Alarm | I55: BPL131 | J55: BPP1101FS09 Pump Flow Switch Low Alarm | K55: BPP1101FS09_A | M55: BS1_Tags
A56: BR4.UTILITIES.WATER.BS1.RWD1.BPP1101 | B56: FailStp_A | C56: BPP1101FS09_FailStp_A | D56: =INDEX('Equipment Tree'!A:B,MATCH(A56,'Equipment Tree'!A:A,0),2) | E56: BR4_Cluster1 | G56: Fail to Stop Alarm | I56: BPL131 | J56: BPP1101FS09 Fail to Stop Alarm | K56: BPP1101FS09_FailStp_A | M56: BS1_Tags
A57: BR4.UTILITIES.WATER.BS1.RWD1.BPP1101.FieldIO.FT03 | B57: Frz_A | C57: BPP1101FT03_Frz_A | D57: =INDEX('Equipment Tree'!A:B,MATCH(A57,'Equipment Tree'!A:A,0),2) | E57: BR4_Cluster1 | G57: Flow Transmitter Frozen Alarm | I57: BPL131 | J57: BPP1101FT03 Flow Transmitter Frozen Alarm | K57: BPP1101FT03_Frz_A | M57: BS1_Tags
A58: BR4.UTILITIES.WATER.BS1.RWD1.BPP1101.FieldIO.FT03 | B58: Hi_A | C58: BPP1101FT03_Hi_A | D58: =INDEX('Equipment Tree'!A:B,MATCH(A58,'Equipment Tree'!A:A,0),2) | E58: BR4_Cluster1 | G58: Pump Flow High Alarm | I58: BPL131 | J58: BPP1101FT03 Pump Flow High Alarm | K58: BPP1101FT03_Hi_A | M58: BS1_Tags
A59: BR4.UTILITIES.WATER.BS1.RWD1.BPP1101.FieldIO.FT03 | B59: HiHi_A | C59: BPP1101FT03_HiHi_A | D59: =INDEX('Equipment Tree'!A:B,MATCH(A59,'Equipment Tree'!A:A,0),2) | E59: BR4_Cluster1 | G59: NPI and Process Water Supply Flow High High Healthy | I59: BPL131 | J59: BPP1101FT03 NPI and Process Water Supply Flow High High Healthy | K59: BPP1101FT03_HiHi_A | M59: BS1_Tags
A60: BR4.UTILITIES.WATER.BS1.RWD1.BPP1101.FieldIO.FT03 | B60: Lo_A | C60: BPP1101FT03_Lo_A | D60: =INDEX('Equipment Tree'!A:B,MATCH(A60,'Equipment Tree'!A:A,0),2) | E60: BR4_Cluster1 | G60: Flow Low Alarm | I60: BPL131 | J60: BPP1101FT03 Flow Low Alarm | K60: BPP1101FT03_Lo_A | M60: BS1_Tags
A61: BR4.UTILITIES.WATER.BS1.RWD1.BPP1101.VS01 | B61: A | C61: BPP1101IS01_A | D61: =INDEX('Equipment Tree'!A:B,MATCH(A61,'Equipment Tree'!A:A,0),2) | E61: BR4_Cluster1 | G61: Isolator Open Alarm | I61: BPL131 | J61: BPP1101 Isolator Open Alarm | K61: BPP1101IS01_A | M61: BS1_Tags
A62: BR4.UTILITIES.WATER.BS1.RWD1.BPP1101.FieldIO.PT03 | B62: Frz_A | C62: BPP1101PT03_Frz_A | D62: =INDEX('Equipment Tree'!A:B,MATCH(A62,'Equipment Tree'!A:A,0),2) | E62: BR4_Cluster1 | G62: Pump Discharge Pressure Transmitter Frozen Alarm | I62: BPL131 | J62: BPP1101PT03 Pump Discharge Pressure Transmitter Frozen Alarm | K62: BPP1101PT03_Frz_A | M62: BS1_Tags
A63: BR4.UTILITIES.WATER.BS1.RWD1.BPP1101.FieldIO.PT03 | B63: HiHi_A | C63: BPP1101PT03_HiHi_A | D63: =INDEX('Equipment Tree'!A:B,MATCH(A63,'Equipment Tree'!A:A,0),2) | E63: BR4_Cluster1 | G63: System Pressure High High Alarm | I63: BPL131 | J63: BPP1101PT03 System Pressure High High Alarm | K63: BPP1101PT03_HiHi_A | M63: BS1_Tags
A64: BR4.UTILITIES.WATER.BS1.RWD1.BPP1101.FieldIO.PT03 | B64: LoLo_A | C64: BPP1101PT03_LoLo_A | D64: =INDEX('Equipment Tree'!A:B,MATCH(A64,'Equipment Tree'!A:A,0),2) | E64: BR4_Cluster1 | G64: Pump Discharge Pressure Low Low Alarm | I64: BPL131 | J64: BPP1101PT03 Pump Discharge Pressure Low Low Alarm | K64: BPP1101PT03_LoLo_A | M64: BS1_Tags
A65: BR4.UTILITIES.WATER.BS1.RWD1.BPP1101.FieldIO.PT10 | B65: Diff_A | C65: BPP1101PT10_Diff_A | D65: =INDEX('Equipment Tree'!A:B,MATCH(A65,'Equipment Tree'!A:A,0),2) | E65: BR4_Cluster1 | G65: NPI and Process Water Network Pressure Variance (PT10/PT11) Alarm | I65: BPL131 | J65: NPI and Process Water Network Pressure Variance (PT10/PT11) Alarm | K65: BPP1101PT10_Diff_A | M65: BS1_Tags
... A78: BR4.UTILITIES.WATER.BS1.RWD1.BPP1101.VS01 | B78: A | C78: BPP1101VS01VDC01_A | D78: =INDEX('Equipment Tree'!A:B,MATCH(A78,'Equipment Tree'!A:A,0),2) | E78: BR4_Cluster1 | G78: VVVF Drive BPP1101VS01 Control Supply (Q204) Failure | I78: BPL131 | J78: BPP1101VS01 VVVF Drive BPP1101VS01 Control Supply (Q204) Failure | K78: BPP1101VS01VDC01_A | M78: BS1_Tags
A79: =INDEX(Variables!A:C, MATCH(C79, Variables!C:C, 0), 1) | B79: A | C79: BPP1102CB01_A | D79: =INDEX('Equipment Tree'!A:B,MATCH(A79,'Equipment Tree'!A:A,0),2) | E79: BR4_Cluster1 | G79: Production Plant and NPI Water Supply Pump 2 Main Circuit Breaker (Q103) Open | I79: BPL131 | J79: Production Plant and NPI Water Supply Pump 2 Main Circuit Breaker (Q103) Open | K79: BPP1102CB01_A | M79: BS1_Tags
A80: =INDEX(Variables!A:C, MATCH(C80, Variables!C:C, 0), 1) | B80: A | C80: BPP1102FS10_A | D80: =INDEX('Equipment Tree'!A:B,MATCH(A80,'Equipment Tree'!A:A,0),2) | E80: BR4_Cluster1 | G80: Pump Flow Switch Low Alarm | I80: BPL131 | J80: BPP1102FS10 Pump Flow Switch Low Alarm | K80: BPP1102FS10_A | M80: BS1_Tags
A81: =INDEX(Variables!A:C, MATCH(C81, Variables!C:C, 0), 1) | B81: FailStp_A | C81: BPP1102FS10_FailStp_A | D81: =INDEX('Equipment Tree'!A:B,MATCH(A81,'Equipment Tree'!A:A,0),2) | E81: BR4_Cluster1 | G81: Pump Fail to Stop Alarm | I81: BPL131 | J81: BPP1102FS10 Pump Fail to Stop Alarm | K81: BPP1102FS10_FailStp_A | M81: BS1_Tags
A82: =INDEX(Variables!A:C, MATCH(C82, Variables!C:C, 0), 1) | B82: A | C82: BPP1102IS01_A | D82: =INDEX('Equipment Tree'!A:B,MATCH(A82,'Equipment Tree'!A:A,0),2) | E82: BR4_Cluster1 | G82: Isolator Open Alarm | I82: BPL131 | J82: BPP1102 Isolator Open Alarm | K82: BPP1102IS01_A | M82: BS1_Tags
A83: =INDEX(Variables!A:C, MATCH(C83, Variables!C:C, 0), 1) | B83: Frz_A | C83: BPP1102PT04_Frz_A | D83: =INDEX('Equipment Tree'!A:B,MATCH(A83,'Equipment Tree'!A:A,0),2) | E83: BR4_Cluster1 | G83: Pump Discharge Pressure Transmitter Frozen Alarm | I83: BPL131 | J83: BPP1102PT04 Pump Discharge Pressure Transmitter Frozen Alarm | K83: BPP1102PT04_Frz_A | M83: BS1_Tags
A84: =INDEX(Variables!A:C, MATCH(C84, Variables!C:C, 0), 1) | B84: HiHi_A | C84: BPP1102PT04_HiHi_A | D84: =INDEX('Equipment Tree'!A:B,MATCH(A84,'Equipment Tree'!A:A,0),2) | E84: BR4_Cluster1 | G84: Pump Discharge Pressure High High Alarm | I84: BPL131 | J84: BPP1102PT04 Pump Discharge Pressure High High Alarm | K84: BPP1102PT04_HiHi_A | M84: BS1_Tags
A85: =INDEX(Variables!A:C, MATCH(C85, Variables!C:C, 0), 1) | B85: LoLo_A | C85: BPP1102PT04_LoLo_A | D85: =INDEX('Equipment Tree'!A:B,MATCH(A85,'Equipment Tree'!A:A,0),2) | E85: BR4_Cluster1 | G85: Pump Discharge Pressure Low Low Alarm | I85: BPL131 | J85: BPP1102PT04 Pump Discharge Pressure Low Low Alarm | K85: BPP1102PT04_LoLo_A | M85: BS1_Tags
A86: =INDEX(Variables!A:C, MATCH(C86, Variables!C:C, 0), 1) | B86: A | C86: BPP1102THR01_A | D86: =INDEX('Equipment Tree'!A:B,MATCH(A86,'Equipment Tree'!A:A,0),2) | E86: BR4_Cluster1 | G86: Production Plant and NPI Water Supply Pump 2 Production Plant & NPI Water Supply Pump 2 (Standby) (K190) | I86: BPL131 | J86: Production Plant and NPI Water Supply Pump 2 Production Plant & NPI Water Supply Pump 2 (Standby) (K190) | K86: BPP1102THR01_A | M86: BS1_Tags
A87: =INDEX(Variables!A:C, MATCH(C87, Variables!C:C, 0), 1) | B87: A | C87: BPP1102TRP01_A | D87: =INDEX('Equipment Tree'!A:B,MATCH(A87,'Equipment Tree'!A:A,0),2) | E87: BR4_Cluster1 | G87: Main Circuit Breaker Tripped Alarm | I87: BPL131 | J87: BPP1102 Main Circuit Breaker Tripped Alarm | K87: BPP1102TRP01_A | M87: BS1_Tags
A88: =INDEX(Variables!A:C, MATCH(C88, Variables!C:C, 0), 1) | B88: A | C88: BPP1102VDC01_A | D88: =INDEX('Equipment Tree'!A:B,MATCH(A88,'Equipment Tree'!A:A,0),2) | E88: BR4_Cluster1 | G88: Production Plant and NPI Water Supply Pump 2 24VDC Control Supply (Q155) Failure | I88: BPL131 | J88: Production Plant and NPI Water Supply Pump 2 24VDC Control Supply (Q155) Failure | K88: BPP1102VDC01_A | M88: BS1_Tags
A89: =INDEX(Variables!A:C, MATCH(C89, Variables!C:C, 0), 1) | B89: ComFlt_A | C89: BPP1102VS01_ComFlt_A | D89: =INDEX('Equipment Tree'!A:B,MATCH(A89,'Equipment Tree'!A:A,0),2) | E89: BR4_Cluster1 | G89: BPP1107VS01 VSD Communications Fault Alarm | I89: BPL131 | J89: BPP1107VS01 VSD Communications Fault Alarm | K89: BPP1102VS01_ComFlt_A | M89: BS1_Tags
A90: =INDEX(Variables!A:C, MATCH(C90, Variables!C:C, 0), 1) | B90: Flt_A | C90: BPP1102VS01_Flt_A | D90: =INDEX('Equipment Tree'!A:B,MATCH(A90,'Equipment Tree'!A:A,0),2) | E90: BR4_Cluster1 | G90: VSD Fault Alarm | I90: BPL131 | J90: BPP1102VS01 VSD Fault Alarm | K90: BPP1102VS01_Flt_A | M90: BS1_Tags
... A441: =INDEX(Variables!A:C, MATCH(C441, Variables!C:C, 0), 1) | B441: Hi_A | C441: BTY1502PT03_Hi_A | D441: =INDEX('Equipment Tree'!A:B,MATCH(A441,'Equipment Tree'!A:A,0),2) | E441: BR4_Cluster1 | G441: WTN West Collection Header In Flow Pressure High Alarm | I441: BPL131 | J441: BTY1502PT03 WTN West Collection Header In Flow Pressure High Alarm | K441: BTY1502PT03_Hi_A | M441: BS1_Tags

Sheet Trends
A1: =INDEX(Variables!A:C, MATCH(C1, Variables!C:C, 0), 1) | B1: =INDEX(Variables!A:C, MATCH(C1, Variables!C:C, 0), 2) | C1: BMC131INC03PR1DAT1_FltSts1OK | D1: BR4_Cluster1 | E1: TRN_PERIODIC | G1: 5.787037e-05 | H1: =INDEX(Variables!A:H, MATCH(C1, Variables!C:C, 0), 8) | I1: 6 | J1: 1st | K1: 0 | L1: Floating Point (8-byte samples) | M1: BS1_Tags
A2: =INDEX(Variables!A:C, MATCH(C2, Variables!C:C, 0), 1) | B2: =INDEX(Variables!A:C, MATCH(C2, Variables!C:C, 0), 2) | C2: BMC131INC03PR1DAT1_FltSts1 | D2: BR4_Cluster1 | E2: TRN_PERIODIC | G2: 5.787037e-05 | H2: =INDEX(Variables!A:H, MATCH(C2, Variables!C:C, 0), 8) | I2: 6 | J2: 1st | K2: 0 | L2: Floating Point (8-byte samples) | M2: BS1_Tags
A3: =INDEX(Variables!A:C, MATCH(C3, Variables!C:C, 0), 1) | B3: =INDEX(Variables!A:C, MATCH(C3, Variables!C:C, 0), 2) | C3: BMC131INC03PR1DAT1_FltSts2OK | D3: BR4_Cluster1 | E3: TRN_PERIODIC | G3: 5.787037e-05 | H3: =INDEX(Variables!A:H, MATCH(C3, Variables!C:C, 0), 8) | I3: 6 | J3: 1st | K3: 0 | L3: Floating Point (8-byte samples) | M3: BS1_Tags
A4: =INDEX(Variables!A:C, MATCH(C4, Variables!C:C, 0), 1) | B4: =INDEX(Variables!A:C, MATCH(C4, Variables!C:C, 0), 2) | C4: BMC131INC03PR1DAT1_FltSts2 | D4: BR4_Cluster1 | E4: TRN_PERIODIC | G4: 5.787037e-05 | H4: =INDEX(Variables!A:H, MATCH(C4, Variables!C:C, 0), 8) | I4: 6 | J4: 1st | K4: 0 | L4: Floating Point (8-byte samples) | M4: BS1_Tags
A5: =INDEX(Variables!A:C, MATCH(C5, Variables!C:C, 0), 1) | B5: =INDEX(Variables!A:C, MATCH(C5, Variables!C:C, 0), 2) | C5: BMC131INC01PR1DAT1_FltSts1OK | D5: BR4_Cluster1 | E5: TRN_PERIODIC | G5: 5.787037e-05 | H5: =INDEX(Variables!A:H, MATCH(C5, Variables!C:C, 0), 8) | I5: 6 | J5: 1st | K5: 0 | L5: Floating Point (8-byte samples) | M5: BS1_Tags
A6: =INDEX(Variables!A:C, MATCH(C6, Variables!C:C, 0), 1) | B6: =INDEX(Variables!A:C, MATCH(C6, Variables!C:C, 0), 2) | C6: BMC131INC01PR1DAT1_FltSts1 | D6: BR4_Cluster1 | E6: TRN_PERIODIC | G6: 5.787037e-05 | H6: =INDEX(Variables!A:H, MATCH(C6, Variables!C:C, 0), 8) | I6: 6 | J6: 1st | K6: 0 | L6: Floating Point (8-byte samples) | M6: BS1_Tags
A7: =INDEX(Variables!A:C, MATCH(C7, Variables!C:C, 0), 1) | B7: =INDEX(Variables!A:C, MATCH(C7, Variables!C:C, 0), 2) | C7: BMC131INC01PR1DAT1_FltSts2OK | D7: BR4_Cluster1 | E7: TRN_PERIODIC | G7: 5.787037e-05 | H7: =INDEX(Variables!A:H, MATCH(C7, Variables!C:C, 0), 8) | I7: 6 | J7: 1st | K7: 0 | L7: Floating Point (8-byte samples) | M7: BS1_Tags
A8: =INDEX(Variables!A:C, MATCH(C8, Variables!C:C, 0), 1) | B8: =INDEX(Variables!A:C, MATCH(C8, Variables!C:C, 0), 2) | C8: BMC131INC01PR1DAT1_FltSts2 | D8: BR4_Cluster1 | E8: TRN_PERIODIC | G8: 5.787037e-05 | H8: =INDEX(Variables!A:H, MATCH(C8, Variables!C:C, 0), 8) | I8: 6 | J8: 1st | K8: 0 | L8: Floating Point (8-byte samples) | M8: BS1_Tags
A9: =INDEX(Variables!A:C, MATCH(C9, Variables!C:C, 0), 1) | B9: =INDEX(Variables!A:C, MATCH(C9, Variables!C:C, 0), 2) | C9: BMC131INC02PR1DAT1_FltSts1OK | D9: BR4_Cluster1 | E9: TRN_PERIODIC | G9: 5.787037e-05 | H9: =INDEX(Variables!A:H, MATCH(C9, Variables!C:C, 0), 8) | I9: 6 | J9: 1st | K9: 0 | L9: Floating Point (8-byte samples) | M9: BS1_Tags
A10: =INDEX(Variables!A:C, MATCH(C10, Variables!C:C, 0), 1) | B10: =INDEX(Variables!A:C, MATCH(C10, Variables!C:C, 0), 2) | C10: BMC131INC02PR1DAT1_FltSts1 | D10: BR4_Cluster1 | E10: TRN_PERIODIC | G10: 5.787037e-05 | H10: =INDEX(Variables!A:H, MATCH(C10, Variables!C:C, 0), 8) | I10: 6 | J10: 1st | K10: 0 | L10: Floating Point (8-byte samples) | M10: BS1_Tags
A11: =INDEX(Variables!A:C, MATCH(C11, Variables!C:C, 0), 1) | B11: =INDEX(Variables!A:C, MATCH(C11, Variables!C:C, 0), 2) | C11: BMC131INC02PR1DAT1_FltSts2OK | D11: BR4_Cluster1 | E11: TRN_PERIODIC | G11: 5.787037e-05 | H11: =INDEX(Variables!A:H, MATCH(C11, Variables!C:C, 0), 8) | I11: 6 | J11: 1st | K11: 0 | L11: Floating Point (8-byte samples) | M11: BS1_Tags
A12: =INDEX(Variables!A:C, MATCH(C12, Variables!C:C, 0), 1) | B12: =INDEX(Variables!A:C, MATCH(C12, Variables!C:C, 0), 2) | C12: BMC131INC02PR1DAT1_FltSts2 | D12: BR4_Cluster1 | E12: TRN_PERIODIC | G12: 5.787037e-05 | H12: =INDEX(Variables!A:H, MATCH(C12, Variables!C:C, 0), 8) | I12: 6 | J12: 1st | K12: 0 | L12: Floating Point (8-byte samples) | M12: BS1_Tags
... A593: =INDEX(Variables!A:C, MATCH(C593, Variables!C:C, 0), 1) | B593: =INDEX(Variables!A:C, MATCH(C593, Variables!C:C, 0), 2) | C593: BSR131BC02CordexDAT1_MaxRecAmbTmp | D593: BR4_Cluster1 | E593: TRN_PERIODIC | G593: 5.787037e-05 | H593: =INDEX(Variables!A:H, MATCH(C593, Variables!C:C, 0), 8) | I593: 6 | J593: 1st | K593: 0 | L593: Floating Point (8-byte samples) | M593: BS1_Tags
A594: =INDEX(Variables!A:C, MATCH(C594, Variables!C:C, 0), 1) | B594: Iavg | C594: BPP1101VS01DAT1_Iavg | D594: BR4_Cluster1 | E594: TRN_PERIODIC | G594: 5.787037e-05 | H594: =INDEX(Variables!A:H, MATCH(C594, Variables!C:C, 0), 8) | I594: 6 | J594: 1st | K594: 0 | L594: Floating Point (8-byte samples) | M594: BS1_Tags
A595: =INDEX(Variables!A:C, MATCH(C595, Variables!C:C, 0), 1) | B595: Spd | C595: BPP1101VS01DAT1_Spd | D595: BR4_Cluster1 | E595: TRN_PERIODIC | G595: 5.787037e-05 | H595: =INDEX(Variables!A:H, MATCH(C595, Variables!C:C, 0), 8) | I595: 6 | J595: 1st | K595: 0 | L595: Floating Point (8-byte samples) | M595: BS1_Tags
A596: =INDEX(Variables!A:C, MATCH(C596, Variables!C:C, 0), 1) | B596: Trq | C596: BPP1101VS01DAT1_Trq | D596: BR4_Cluster1 | E596: TRN_PERIODIC | G596: 5.787037e-05 | H596: =INDEX(Variables!A:H, MATCH(C596, Variables!C:C, 0), 8) | I596: 6 | J596: 1st | K596: 0 | L596: Floating Point (8-byte samples) | M596: BS1_Tags
A597: =INDEX(Variables!A:C, MATCH(C597, Variables!C:C, 0), 1) | B597: Frq | C597: BPP1101VS01DAT1_Frq | D597: BR4_Cluster1 | E597: TRN_PERIODIC | G597: 5.787037e-05 | H597: =INDEX(Variables!A:H, MATCH(C597, Variables!C:C, 0), 8) | I597: 6 | J597: 1st | K597: 0 | L597: Floating Point (8-byte samples) | M597: BS1_Tags
A598: =INDEX(Variables!A:C, MATCH(C598, Variables!C:C, 0), 1) | B598: Pwr | C598: BPP1101VS01DAT1_Pwr | D598: BR4_Cluster1 | E598: TRN_PERIODIC | G598: 5.787037e-05 | H598: =INDEX(Variables!A:H, MATCH(C598, Variables!C:C, 0), 8) | I598: 6 | J598: 1st | K598: 0 | L598: Floating Point (8-byte samples) | M598: BS1_Tags
A599: =INDEX(Variables!A:C, MATCH(C599, Variables!C:C, 0), 1) | B599: Tmp | C599: BPP1101VS01DAT1_Tmp | D599: BR4_Cluster1 | E599: TRN_PERIODIC | G599: 5.787037e-05 | H599: =INDEX(Variables!A:H, MATCH(C599, Variables!C:C, 0), 8) | I599: 6 | J599: 1st | K599: 0 | L599: Floating Point (8-byte samples) | M599: BS1_Tags
A600: =INDEX(Variables!A:C, MATCH(C600, Variables!C:C, 0), 1) | B600: SpdEng | C600: BPP1101VS01DAT1_SpdEng | D600: BR4_Cluster1 | E600: TRN_PERIODIC | G600: 5.787037e-05 | H600: =INDEX(Variables!A:H, MATCH(C600, Variables!C:C, 0), 8) | I600: 6 | J600: 1st | K600: 0 | L600: Floating Point (8-byte samples) | M600: BS1_Tags
A601: =INDEX(Variables!A:C, MATCH(C601, Variables!C:C, 0), 1) | B601: Iavg | C601: BPP1102VS01DAT1_Iavg | D601: BR4_Cluster1 | E601: TRN_PERIODIC | G601: 5.787037e-05 | H601: =INDEX(Variables!A:H, MATCH(C601, Variables!C:C, 0), 8) | I601: 6 | J601: 1st | K601: 0 | L601: Floating Point (8-byte samples) | M601: BS1_Tags
A602: =INDEX(Variables!A:C, MATCH(C602, Variables!C:C, 0), 1) | B602: Spd | C602: BPP1102VS01DAT1_Spd | D602: BR4_Cluster1 | E602: TRN_PERIODIC | G602: 5.787037e-05 | H602: =INDEX(Variables!A:H, MATCH(C602, Variables!C:C, 0), 8) | I602: 6 | J602: 1st | K602: 0 | L602: Floating Point (8-byte samples) | M602: BS1_Tags
A603: =INDEX(Variables!A:C, MATCH(C603, Variables!C:C, 0), 1) | B603: Trq | C603: BPP1102VS01DAT1_Trq | D603: BR4_Cluster1 | E603: TRN_PERIODIC | G603: 5.787037e-05 | H603: =INDEX(Variables!A:H, MATCH(C603, Variables!C:C, 0), 8) | I603: 6 | J603: 1st | K603: 0 | L603: Floating Point (8-byte samples) | M603: BS1_Tags
A604: =INDEX(Variables!A:C, MATCH(C604, Variables!C:C, 0), 1) | B604: Frq | C604: BPP1102VS01DAT1_Frq | D604: BR4_Cluster1 | E604: TRN_PERIODIC | G604: 5.787037e-05 | H604: =INDEX(Variables!A:H, MATCH(C604, Variables!C:C, 0), 8) | I604: 6 | J604: 1st | K604: 0 | L604: Floating Point (8-byte samples) | M604: BS1_Tags
A605: =INDEX(Variables!A:C, MATCH(C605, Variables!C:C, 0), 1) | B605: Pwr | C605: BPP1102VS01DAT1_Pwr | D605: BR4_Cluster1 | E605: TRN_PERIODIC | G605: 5.787037e-05 | H605: =INDEX(Variables!A:H, MATCH(C605, Variables!C:C, 0), 8) | I605: 6 | J605: 1st | K605: 0 | L605: Floating Point (8-byte samples) | M605: BS1_Tags
... A642: =INDEX(Variables!A:C, MATCH(C642, Variables!C:C, 0), 1) | B642: SpdEng | C642: BPP1107VS01DAT1_SpdEng | D642: BR4_Cluster1 | E642: TRN_PERIODIC | G642: 5.787037e-05 | H642: =INDEX(Variables!A:H, MATCH(C642, Variables!C:C, 0), 8) | I642: 6 | J642: 1st | K642: 0 | L642: Floating Point (8-byte samples) | M642: BS1_Tags
A643: =INDEX(Variables!A:C, MATCH(C643, Variables!C:C, 0), 1) | C643: BPP1101PIC01_KD | D643: BR4_Cluster1 | E643: TRN_PERIODIC | G643: 5.787037e-05 | H643: =INDEX(Variables!A:H, MATCH(C643, Variables!C:C, 0), 8) | I643: 6 | J643: 1st | K643: 0 | L643: Floating Point (8-byte samples) | M643: BS1_Tags
A644: =INDEX(Variables!A:C, MATCH(C644, Variables!C:C, 0), 1) | C644: BPP1101PIC01_KI | D644: BR4_Cluster1 | E644: TRN_PERIODIC | G644: 5.787037e-05 | H644: =INDEX(Variables!A:H, MATCH(C644, Variables!C:C, 0), 8) | I644: 6 | J644: 1st | K644: 0 | L644: Floating Point (8-byte samples) | M644: BS1_Tags
A645: =INDEX(Variables!A:C, MATCH(C645, Variables!C:C, 0), 1) | C645: BPP1101PIC01_KP | D645: BR4_Cluster1 | E645: TRN_PERIODIC | G645: 5.787037e-05 | H645: =INDEX(Variables!A:H, MATCH(C645, Variables!C:C, 0), 8) | I645: 6 | J645: 1st | K645: 0 | L645: Floating Point (8-byte samples) | M645: BS1_Tags
A646: =INDEX(Variables!A:C, MATCH(C646, Variables!C:C, 0), 1) | C646: BPP1101PIC01_OP | D646: BR4_Cluster1 | E646: TRN_PERIODIC | G646: 5.787037e-05 | H646: =INDEX(Variables!A:H, MATCH(C646, Variables!C:C, 0), 8) | I646: 6 | J646: 1st | K646: 0 | L646: Floating Point (8-byte samples) | M646: BS1_Tags
A647: =INDEX(Variables!A:C, MATCH(C647, Variables!C:C, 0), 1) | C647: BPP1101PIC01_OPMan | D647: BR4_Cluster1 | E647: TRN_PERIODIC | G647: 5.787037e-05 | H647: =INDEX(Variables!A:H, MATCH(C647, Variables!C:C, 0), 8) | I647: 6 | J647: 1st | K647: 0 | L647: Floating Point (8-byte samples) | M647: BS1_Tags
A648: =INDEX(Variables!A:C, MATCH(C648, Variables!C:C, 0), 1) | C648: BPP1103LIC01_KD | D648: BR4_Cluster1 | E648: TRN_PERIODIC | G648: 5.787037e-05 | H648: =INDEX(Variables!A:H, MATCH(C648, Variables!C:C, 0), 8) | I648: 6 | J648: 1st | K648: 0 | L648: Floating Point (8-byte samples) | M648: BS1_Tags
A649: =INDEX(Variables!A:C, MATCH(C649, Variables!C:C, 0), 1) | C649: BPP1103LIC01_KI | D649: BR4_Cluster1 | E649: TRN_PERIODIC | G649: 5.787037e-05 | H649: =INDEX(Variables!A:H, MATCH(C649, Variables!C:C, 0), 8) | I649: 6 | J649: 1st | K649: 0 | L649: Floating Point (8-byte samples) | M649: BS1_Tags
A650: =INDEX(Variables!A:C, MATCH(C650, Variables!C:C, 0), 1) | C650: BPP1103LIC01_KP | D650: BR4_Cluster1 | E650: TRN_PERIODIC | G650: 5.787037e-05 | H650: =INDEX(Variables!A:H, MATCH(C650, Variables!C:C, 0), 8) | I650: 6 | J650: 1st | K650: 0 | L650: Floating Point (8-byte samples) | M650: BS1_Tags
A651: =INDEX(Variables!A:C, MATCH(C651, Variables!C:C, 0), 1) | C651: BPP1103LIC01_OP | D651: BR4_Cluster1 | E651: TRN_PERIODIC | G651: 5.787037e-05 | H651: =INDEX(Variables!A:H, MATCH(C651, Variables!C:C, 0), 8) | I651: 6 | J651: 1st | K651: 0 | L651: Floating Point (8-byte samples) | M651: BS1_Tags
A652: =INDEX(Variables!A:C, MATCH(C652, Variables!C:C, 0), 1) | C652: BPP1103LIC01_OPMan | D652: BR4_Cluster1 | E652: TRN_PERIODIC | G652: 5.787037e-05 | H652: =INDEX(Variables!A:H, MATCH(C652, Variables!C:C, 0), 8) | I652: 6 | J652: 1st | K652: 0 | L652: Floating Point (8-byte samples) | M652: BS1_Tags
A653: =INDEX(Variables!A:C, MATCH(C653, Variables!C:C, 0), 1) | C653: BSTD1106FIC01_KD | D653: BR4_Cluster1 | E653: TRN_PERIODIC | G653: 5.787037e-05 | H653: =INDEX(Variables!A:H, MATCH(C653, Variables!C:C, 0), 8) | I653: 6 | J653: 1st | K653: 0 | L653: Floating Point (8-byte samples) | M653: BS1_Tags
A654: =INDEX(Variables!A:C, MATCH(C654, Variables!C:C, 0), 1) | C654: BSTD1106FIC01_KI | D654: BR4_Cluster1 | E654: TRN_PERIODIC | G654: 5.787037e-05 | H654: =INDEX(Variables!A:H, MATCH(C654, Variables!C:C, 0), 8) | I654: 6 | J654: 1st | K654: 0 | L654: Floating Point (8-byte samples) | M654: BS1_Tags
... A662: =INDEX(Variables!A:C, MATCH(C662, Variables!C:C, 0), 1) | C662: BSTD1107FIC01_OPMan | D662: BR4_Cluster1 | E662: TRN_PERIODIC | G662: 5.787037e-05 | H662: =INDEX(Variables!A:H, MATCH(C662, Variables!C:C, 0), 8) | I662: 6 | J662: 1st | K662: 0 | L662: Floating Point (8-byte samples) | M662: BS1_Tags
A663: =INDEX(Variables!A:C, MATCH(C663, Variables!C:C, 0), 1) | B663: =INDEX(Variables!A:C, MATCH(C663, Variables!C:C, 0), 2) | C663: BSR131BC02BACSDAT1_AlmID1 | D663: BR4_Cluster1 | E663: TRN_PERIODIC | G663: 5.787037e-05 | H663: =INDEX(Variables!A:H, MATCH(C663, Variables!C:C, 0), 8) | I663: 6 | J663: 1st | K663: 0 | L663: Floating Point (8-byte samples) | M663: BS1_Tags
A664: =INDEX(Variables!A:C, MATCH(C664, Variables!C:C, 0), 1) | B664: =INDEX(Variables!A:C, MATCH(C664, Variables!C:C, 0), 2) | C664: BSR131BC02BACSDAT1_AlmID2 | D664: BR4_Cluster1 | E664: TRN_PERIODIC | G664: 5.787037e-05 | H664: =INDEX(Variables!A:H, MATCH(C664, Variables!C:C, 0), 8) | I664: 6 | J664: 1st | K664: 0 | L664: Floating Point (8-byte samples) | M664: BS1_Tags
A665: =INDEX(Variables!A:C, MATCH(C665, Variables!C:C, 0), 1) | B665: =INDEX(Variables!A:C, MATCH(C665, Variables!C:C, 0), 2) | C665: BSR131BC02BACSDAT1_AlmID3 | D665: BR4_Cluster1 | E665: TRN_PERIODIC | G665: 5.787037e-05 | H665: =INDEX(Variables!A:H, MATCH(C665, Variables!C:C, 0), 8) | I665: 6 | J665: 1st | K665: 0 | L665: Floating Point (8-byte samples) | M665: BS1_Tags
A666: =INDEX(Variables!A:C, MATCH(C666, Variables!C:C, 0), 1) | B666: =INDEX(Variables!A:C, MATCH(C666, Variables!C:C, 0), 2) | C666: BSR131BC02BACSDAT1_NumStr | D666: BR4_Cluster1 | E666: TRN_PERIODIC | G666: 5.787037e-05 | H666: =INDEX(Variables!A:H, MATCH(C666, Variables!C:C, 0), 8) | I666: 6 | J666: 1st | K666: 0 | L666: Floating Point (8-byte samples) | M666: BS1_Tags
A667: =INDEX(Variables!A:C, MATCH(C667, Variables!C:C, 0), 1) | B667: =INDEX(Variables!A:C, MATCH(C667, Variables!C:C, 0), 2) | C667: BSR131BC02BACSDAT1_NumMod | D667: BR4_Cluster1 | E667: TRN_PERIODIC | G667: 5.787037e-05 | H667: =INDEX(Variables!A:H, MATCH(C667, Variables!C:C, 0), 8) | I667: 6 | J667: 1st | K667: 0 | L667: Floating Point (8-byte samples) | M667: BS1_Tags
A668: =INDEX(Variables!A:C, MATCH(C668, Variables!C:C, 0), 1) | B668: =INDEX(Variables!A:C, MATCH(C668, Variables!C:C, 0), 2) | C668: BSR131BC02BACSDAT1_Mod1AlmID | D668: BR4_Cluster1 | E668: TRN_PERIODIC | G668: 5.787037e-05 | H668: =INDEX(Variables!A:H, MATCH(C668, Variables!C:C, 0), 8) | I668: 6 | J668: 1st | K668: 0 | L668: Floating Point (8-byte samples) | M668: BS1_Tags
A669: =INDEX(Variables!A:C, MATCH(C669, Variables!C:C, 0), 1) | B669: =INDEX(Variables!A:C, MATCH(C669, Variables!C:C, 0), 2) | C669: BSR131BC02BACSDAT1_Mod2AlmID | D669: BR4_Cluster1 | E669: TRN_PERIODIC | G669: 5.787037e-05 | H669: =INDEX(Variables!A:H, MATCH(C669, Variables!C:C, 0), 8) | I669: 6 | J669: 1st | K669: 0 | L669: Floating Point (8-byte samples) | M669: BS1_Tags
A670: =INDEX(Variables!A:C, MATCH(C670, Variables!C:C, 0), 1) | B670: =INDEX(Variables!A:C, MATCH(C670, Variables!C:C, 0), 2) | C670: BSR131BC02BACSDAT1_Mod3AlmID | D670: BR4_Cluster1 | E670: TRN_PERIODIC | G670: 5.787037e-05 | H670: =INDEX(Variables!A:H, MATCH(C670, Variables!C:C, 0), 8) | I670: 6 | J670: 1st | K670: 0 | L670: Floating Point (8-byte samples) | M670: BS1_Tags
A671: =INDEX(Variables!A:C, MATCH(C671, Variables!C:C, 0), 1) | B671: =INDEX(Variables!A:C, MATCH(C671, Variables!C:C, 0), 2) | C671: BSR131BC02BACSDAT1_Mod4AlmID | D671: BR4_Cluster1 | E671: TRN_PERIODIC | G671: 5.787037e-05 | H671: =INDEX(Variables!A:H, MATCH(C671, Variables!C:C, 0), 8) | I671: 6 | J671: 1st | K671: 0 | L671: Floating Point (8-byte samples) | M671: BS1_Tags
A672: =INDEX(Variables!A:C, MATCH(C672, Variables!C:C, 0), 1) | B672: =INDEX(Variables!A:C, MATCH(C672, Variables!C:C, 0), 2) | C672: BSR131BC02BACSDAT1_Mod5AlmID | D672: BR4_Cluster1 | E672: TRN_PERIODIC | G672: 5.787037e-05 | H672: =INDEX(Variables!A:H, MATCH(C672, Variables!C:C, 0), 8) | I672: 6 | J672: 1st | K672: 0 | L672: Floating Point (8-byte samples) | M672: BS1_Tags
A673: =INDEX(Variables!A:C, MATCH(C673, Variables!C:C, 0), 1) | B673: =INDEX(Variables!A:C, MATCH(C673, Variables!C:C, 0), 2) | C673: BSR131BC02BACSDAT1_Mod6AlmID | D673: BR4_Cluster1 | E673: TRN_PERIODIC | G673: 5.787037e-05 | H673: =INDEX(Variables!A:H, MATCH(C673, Variables!C:C, 0), 8) | I673: 6 | J673: 1st | K673: 0 | L673: Floating Point (8-byte samples) | M673: BS1_Tags
A674: =INDEX(Variables!A:C, MATCH(C674, Variables!C:C, 0), 1) | B674: =INDEX(Variables!A:C, MATCH(C674, Variables!C:C, 0), 2) | C674: BSR131BC02BACSDAT1_Mod7AlmID | D674: BR4_Cluster1 | E674: TRN_PERIODIC | G674: 5.787037e-05 | H674: =INDEX(Variables!A:H, MATCH(C674, Variables!C:C, 0), 8) | I674: 6 | J674: 1st | K674: 0 | L674: Floating Point (8-byte samples) | M674: BS1_Tags
... A790: =INDEX(Variables!A:C, MATCH(C790, Variables!C:C, 0), 1) | B790: =INDEX(Variables!A:C, MATCH(C790, Variables!C:C, 0), 2) | C790: BSR131UP01BACSDAT1_Str2Mod21AlmID | D790: BR4_Cluster1 | E790: TRN_PERIODIC | G790: 5.787037e-05 | H790: =INDEX(Variables!A:H, MATCH(C790, Variables!C:C, 0), 8) | I790: 6 | J790: 1st | K790: 0 | L790: Floating Point (8-byte samples) | M790: BS1_Tags

Sheet Runtime Parameters

Sheet References

Sheet REF Variables

Sheet REF Alarms
A1: BR4_Tags | B1: R1Col_W | C1: ACS/SMS PLC505 M580 | D1: BRC501 Collision Alarm | E1: R1Col_W | G1: CAT_P2 | I1: PRIV_ALARMACK | J1: A_CM_ACSSMS | K1: BRC501 Collision Alarm | M1: R1Col_W | R1: C_HIPRI | S1: ACSNEW | T1: Class_Equipment | U1: BR4_Cluster1 | X1: BR4.STOCKYARD.ACS.BRC501
A2: BR4_Tags | B2: S2Col_W | C2: ACS/SMS PLC505 M580 | D2: BST502 Collision Alarm | E2: S2Col_W | G2: CAT_P2 | I2: PRIV_ALARMACK | J2: A_CM_ACSSMS | K2: BST502 Collision Alarm | M2: S2Col_W | R2: C_HIPRI | S2: ACSNEW | T2: Class_Equipment | U2: BR4_Cluster1 | X2: BR4.STOCKYARD.ACS.BST502
A3: BR4_Tags | B3: S1Col_W | C3: ACS/SMS PLC505 M580 | D3: BST501 Collision Alarm | E3: S1Col_W | G3: CAT_P2 | I3: PRIV_ALARMACK | J3: A_CM_ACSSMS | K3: BST501 Collision Alarm | M3: S1Col_W | R3: C_HIPRI | S3: ACSNEW | T3: Class_Equipment | U3: BR4_Cluster1 | X3: BR4.STOCKYARD.ACS.BST501
A4: BR4_Tags | B4: R1ACSByp_A | C4: ACS/SMS PLC505 M580 | D4: BRC501 Anti-Col Bypassed Alarm | E4: R1ACSByp_A | G4: CAT_P2 | I4: PRIV_ALARMACK | J4: A_CM_ACSSMS | K4: BRC501 Anti-Col Bypassed Alarm | M4: R1ACSByp_A | R4: C_HIPRI | S4: ACSNEW | T4: Class_Equipment | U4: BR4_Cluster1 | X4: BR4.STOCKYARD.ACS.BRC501
A5: BR4_Tags | B5: S2ACSByp_A | C5: ACS/SMS PLC505 M580 | D5: BST502 Anti-Col Bypassed Alarm | E5: S2ACSByp_A | G5: CAT_P2 | I5: PRIV_ALARMACK | J5: A_CM_ACSSMS | K5: BST502 Anti-Col Bypassed Alarm | M5: S2ACSByp_A | R5: C_HIPRI | S5: ACSNEW | T5: Class_Equipment | U5: BR4_Cluster1 | X5: BR4.STOCKYARD.ACS.BST502
A6: BR4_Tags | B6: S1ACSByp_A | C6: ACS/SMS PLC505 M580 | D6: BST501 Anti-Col Bypassed Alarm | E6: S1ACSByp_A | G6: CAT_P2 | I6: PRIV_ALARMACK | J6: A_CM_ACSSMS | K6: BST501 Anti-Col Bypassed Alarm | M6: S1ACSByp_A | R6: C_HIPRI | S6: ACSNEW | T6: Class_Equipment | U6: BR4_Cluster1 | X6: BR4.STOCKYARD.ACS.BST501
A7: BR4_Tags | B7: R1LastPos_A | C7: ACS/SMS PLC505 M580 | D7: BRC501 Anti-Col In Last Known Position Alarm | E7: R1LastPos_A | G7: CAT_P3 | I7: PRIV_ALARMACK | J7: A_CM_ACSSMS | K7: BRC501 Anti-Col In Last Known Position Alarm | M7: R1LastPos_A | R7: C_LOPRI | S7: ACSNEW | T7: Class_Equipment | U7: BR4_Cluster1 | X7: BR4.STOCKYARD.ACS.BRC501
A8: BR4_Tags | B8: S2LastPos_A | C8: ACS/SMS PLC505 M580 | D8: BST502 Anti-Col In Last Known Position Alarm | E8: S2LastPos_A | G8: CAT_P3 | I8: PRIV_ALARMACK | J8: A_CM_ACSSMS | K8: BST502 Anti-Col In Last Known Position Alarm | M8: S2LastPos_A | R8: C_LOPRI | S8: ACSNEW | T8: Class_Equipment | U8: BR4_Cluster1 | X8: BR4.STOCKYARD.ACS.BST502
A9: BR4_Tags | B9: S1LastPos_A | C9: ACS/SMS PLC505 M580 | D9: BST501 Anti-Col In Last Known Position Alarm | E9: S1LastPos_A | G9: CAT_P3 | I9: PRIV_ALARMACK | J9: A_CM_ACSSMS | K9: BST501 Anti-Col In Last Known Position Alarm | M9: S1LastPos_A | R9: C_LOPRI | S9: ACSNEW | T9: Class_Equipment | U9: BR4_Cluster1 | X9: BR4.STOCKYARD.ACS.BST501
A10: BR4_Tags | B10: R1Col_A | C10: ACS/SMS PLC505 M580 | D10: BRC501 Crash Alarm | E10: R1Col_A | G10: CAT_P1 | I10: PRIV_ALARMACK | J10: A_CM_ACSSMS | K10: BRC501 Crash Alarm | M10: R1Col_A | R10: C_CRITPRI | S10: ACSNEW | T10: Class_Equipment | U10: BR4_Cluster1 | X10: BR4.STOCKYARD.ACS.BRC501
A11: BR4_Tags | B11: S2Col_A | C11: ACS/SMS PLC505 M580 | D11: BST502 Crash Alarm | E11: S2Col_A | G11: CAT_P1 | I11: PRIV_ALARMACK | J11: A_CM_ACSSMS | K11: BST502 Crash Alarm | M11: S2Col_A | R11: C_CRITPRI | S11: ACSNEW | T11: Class_Equipment | U11: BR4_Cluster1 | X11: BR4.STOCKYARD.ACS.BST502
A12: BR4_Tags | B12: S1Col_A | C12: ACS/SMS PLC505 M580 | D12: BST501 Crash Alarm | E12: S1Col_A | G12: CAT_P1 | I12: PRIV_ALARMACK | J12: A_CM_ACSSMS | K12: BST501 Crash Alarm | M12: S1Col_A | R12: C_CRITPRI | S12: ACSNEW | T12: Class_Equipment | U12: BR4_Cluster1 | X12: BR4.STOCKYARD.ACS.BST501
... A16: BR4_Tags | B16: BPL505_CPUBattFlt_A | C16: ACS/SMS PLC505 M580 | D16: BPL505 PLC Battery Fault Alarm | E16: BPL505_CPUBattFlt_A | G16: CAT_P2 | I16: PRIV_ALARMACK | J16: A_CM_ACSSMS | K16: BPL505 PLC Battery Fault Alarm | M16: BPL505_CPUBattFlt_A | R16: C_HIPRI | S16: ACSNEW | T16: Class_Equipment | U16: BR4_Cluster1 | X16: BR4.SRV.CTRLSYS.PLC.BPL505
A17: BR4_Tags | B17: BPL505_CPUEthLinkOK_A | C17: ACS/SMS PLC505 M580 | D17: BPL505 PLC CPU Ethernet Link OK | E17: BPL505_CPUEthLinkOK_A | G17: CAT_P2 | I17: PRIV_ALARMACK | J17: A_CM_ACSSMS | K17: BPL505 PLC CPU Ethernet Link OK | M17: BPL505_CPUEthLinkOK_A | R17: C_HIPRI | S17: ACSNEW | T17: Class_Equipment | U17: BR4_Cluster1 | X17: BR4.SRV.CTRLSYS.PLC.BPL505 | Y17: Slot1_A
A18: BR4_Tags | B18: BPL505_CPUEthSysOK_A | C18: ACS/SMS PLC505 M580 | D18: BPL505 PLC CPU Ethernet OK | E18: BPL505_CPUEthSysOK_A | G18: CAT_P2 | I18: PRIV_ALARMACK | J18: A_CM_ACSSMS | K18: BPL505 PLC CPU Ethernet OK | M18: BPL505_CPUEthSysOK_A | R18: C_HIPRI | S18: ACSNEW | T18: Class_Equipment | U18: BR4_Cluster1 | X18: BR4.SRV.CTRLSYS.PLC.BPL505
A19: BR4_Tags | B19: BPL505_NOC1SysOK_A | C19: ACS/SMS PLC505 M580 | D19: BPL505 PLC NOC1 Ethernet OK | E19: BPL505_NOC1SysOK_A | G19: CAT_P2 | I19: PRIV_ALARMACK | J19: A_CM_ACSSMS | K19: BPL505 PLC NOC1 Ethernet OK | M19: BPL505_NOC1SysOK_A | R19: C_HIPRI | S19: ACSNEW | T19: Class_Equipment | U19: BR4_Cluster1 | X19: BR4.SRV.CTRLSYS.PLC.BPL505
A20: BR4_Tags | B20: BPL505_NOC1LinkOK_A | C20: ACS/SMS PLC505 M580 | D20: BPL505 PLC NOC1 Ethernet Link OK | E20: BPL505_NOC1LinkOK_A | G20: CAT_P2 | I20: PRIV_ALARMACK | J20: A_CM_ACSSMS | K20: BPL505 PLC NOC1 Ethernet Link OK | M20: BPL505_NOC1LinkOK_A | R20: C_HIPRI | S20: ACSNEW | T20: Class_Equipment | U20: BR4_Cluster1 | X20: BR4.SRV.CTRLSYS.PLC.BPL505 | Y20: Slot2_A
A21: BR4_Tags | B21: BPL505_NOC2SysOK_A | C21: ACS/SMS PLC505 M580 | D21: BPL505 PLC NOC2 Ethernet OK | E21: BPL505_NOC2SysOK_A | G21: CAT_P2 | I21: PRIV_ALARMACK | J21: A_CM_ACSSMS | K21: BPL505 PLC NOC2 Ethernet OK | M21: BPL505_NOC2SysOK_A | R21: C_HIPRI | S21: ACSNEW | T21: Class_Equipment | U21: BR4_Cluster1 | X21: BR4.SRV.CTRLSYS.PLC.BPL505
A22: BR4_Tags | B22: BPL505_NOC2LinkOK_A | C22: ACS/SMS PLC505 M580 | D22: BPL505 PLC NOC2 Ethernet Link OK | E22: BPL505_NOC2LinkOK_A | G22: CAT_P2 | I22: PRIV_ALARMACK | J22: A_CM_ACSSMS | K22: BPL505 PLC NOC2 Ethernet Link OK | M22: BPL505_NOC2LinkOK_A | R22: C_HIPRI | S22: ACSNEW | T22: Class_Equipment | U22: BR4_Cluster1 | X22: BR4.SRV.CTRLSYS.PLC.BPL505 | Y22: Slot3_A
A23: BR4_Tags | B23: B201_CommsFlt_A | C23: Bore | D23: Comms Fail | E23: B201_CommsFlt_A | G23: CAT_P3 | I23: PRIV_ALARMACK | J23: A_P1_SERV | M23: B201_CommsFlt_A | R23: C_LOPRI | S23: B201 | T23: Class_Equipment | U23: BR4_Cluster1 | X23: BR4.UTILITIES.WATER.WBBWD.B201
A24: BR4_Tags | B24: B201_DCOK01_A | C24: Bore | D24: 24V I/O Supply Fault | E24: B201_DCOK01_A | G24: CAT_P3 | I24: PRIV_ALARMACK | J24: A_P1_SERV | M24: B201_DCOK01_A | R24: C_LOPRI | S24: B201 | T24: Class_Process | U24: BR4_Cluster1 | X24: BR4.UTILITIES.WATER.WBBWD.B201
A25: BR4_Tags | B25: B201_DCOK02_A | C25: Bore | D25: 24V Supply Fault | E25: B201_DCOK02_A | G25: CAT_P3 | I25: PRIV_ALARMACK | J25: A_P1_SERV | M25: B201_DCOK02_A | R25: C_LOPRI | S25: B201 | T25: Class_Process | U25: BR4_Cluster1 | X25: BR4.UTILITIES.WATER.WBBWD.B201
A26: BR4_Tags | B26: B201_EARTH_A | C26: Bore | D26: Earth Leakage Fault | E26: B201_EARTH_A | G26: CAT_P3 | I26: PRIV_ALARMACK | J26: A_P1_SERV | M26: B201_EARTH_A | R26: C_LOPRI | S26: B201 | T26: Class_Process | U26: BR4_Cluster1 | X26: BR4.UTILITIES.WATER.WBBWD.B201
A27: BR4_Tags | B27: B201_ECR_A | C27: Bore | D27: ECR Fault | E27: B201_ECR_A | G27: CAT_P3 | I27: PRIV_ALARMACK | J27: A_P1_SERV | M27: B201_ECR_A | R27: C_LOPRI | S27: B201 | T27: Class_Process | U27: BR4_Cluster1 | X27: BR4.UTILITIES.WATER.WBBWD.B201
A28: BR4_Tags | B28: B201_FS01_A | C28: Bore | D28: Flow Switch Low | E28: B201_FS01_A | G28: CAT_P3 | I28: PRIV_ALARMACK | J28: A_P1_SERV | M28: B201_FS01_A | R28: C_LOPRI | S28: B201 | T28: Class_Process | U28: BR4_Cluster1 | X28: BR4.UTILITIES.WATER.WBBWD.B201
A29: BR4_Tags | B29: B201_FT01_Lo_A | C29: Bore | D29: Flow Low | E29: B201_FT01_Lo_A | G29: CAT_P3 | I29: PRIV_ALARMACK | J29: A_P1_SERV | M29: B201_FT01_Lo_A | R29: C_LOPRI | S29: B201 | T29: Class_Process | U29: BR4_Cluster1 | X29: BR4.UTILITIES.WATER.WBBWD.B201.FT01
A30: BR4_Tags | B30: B201_GenFlt_A | C30: Bore | D30: Generator Alarm | E30: B201_GenFlt_A | G30: CAT_P3 | I30: PRIV_ALARMACK | J30: A_P1_SERV | M30: B201_GenFlt_A | R30: C_LOPRI | S30: B201 | T30: Class_Process | U30: BR4_Cluster1 | X30: BR4.UTILITIES.WATER.WBBWD.B201
A31: BR4_Tags | B31: B201_GenFuelLow_A | C31: Bore | D31: Generator Fuel Low | E31: B201_GenFuelLow_A | G31: CAT_P3 | I31: PRIV_ALARMACK | J31: A_P1_SERV | M31: B201_GenFuelLow_A | R31: C_LOPRI | S31: B201 | T31: Class_Process | U31: BR4_Cluster1 | X31: BR4.UTILITIES.WATER.WBBWD.B201
A32: BR4_Tags | B32: B201_GenSttFail_A | C32: Bore | D32: Generator Failed to Start | E32: B201_GenSttFail_A | G32: CAT_P3 | I32: PRIV_ALARMACK | J32: A_P1_SERV | M32: B201_GenSttFail_A | R32: C_LOPRI | S32: B201 | T32: Class_Process | U32: BR4_Cluster1 | X32: BR4.UTILITIES.WATER.WBBWD.B201
A33: BR4_Tags | B33: B201_LOS01_A | C33: Bore | D33: E-stop 01 Activated | E33: B201_LOS01_A | G33: CAT_P1 | I33: PRIV_ALARMACK | J33: A_P1_SERV | K33: E-stop 01 Activated | M33: B201_LOS01_A | R33: C_LOPRI | S33: B201 | T33: Class_Process | U33: BR4_Cluster1 | X33: BR4.UTILITIES.WATER.WBBWD.B201
A34: BR4_Tags | B34: B201_LOS02_A | C34: Bore | D34: E-stop 02 Activated | E34: B201_LOS02_A | G34: CAT_P1 | I34: PRIV_ALARMACK | J34: A_P1_SERV | K34: E-stop 02 Activated | M34: B201_LOS02_A | R34: C_LOPRI | S34: B201 | T34: Class_Process | U34: BR4_Cluster1 | X34: BR4.UTILITIES.WATER.WBBWD.B201
A35: BR4_Tags | B35: B201_LSL_A | C35: Bore | D35: Level Switch Low | E35: B201_LSL_A | G35: CAT_P3 | I35: PRIV_ALARMACK | J35: A_P1_SERV | M35: B201_LSL_A | R35: C_LOPRI | S35: B201 | T35: Class_Process | U35: BR4_Cluster1 | X35: BR4.UTILITIES.WATER.WBBWD.B201
A36: BR4_Tags | B36: B201_LT01_Lo_A | C36: Bore | D36: Level Low | E36: B201_LT01_Lo_A | G36: CAT_P3 | I36: PRIV_ALARMACK | J36: A_P1_SERV | M36: B201_LT01_Lo_A | R36: C_LOPRI | S36: B201 | T36: Class_Process | U36: BR4_Cluster1 | X36: BR4.UTILITIES.WATER.WBBWD.B201.LT01
A37: BR4_Tags | B37: B201_MC01_A | C37: Bore | D37: Main Contactor Fault | E37: B201_MC01_A | G37: CAT_P3 | I37: PRIV_ALARMACK | J37: A_P1_SERV | M37: B201_MC01_A | R37: C_LOPRI | S37: B201 | T37: Class_Process | U37: BR4_Cluster1 | X37: BR4.UTILITIES.WATER.WBBWD.B201.MC01
A38: BR4_Tags | B38: B305_PT01_Hi_A | C38: Bore | D38: Upstream Pressure Hi | E38: B305_PT01_Hi_A | G38: CAT_P3 | I38: PRIV_ALARMACK | J38: A_P1_SERV | M38: B305_PT01_Hi_A | R38: C_LOPRI | S38: B305 | T38: Class_Process | U38: BR4_Cluster1 | X38: BR4.UTILITIES.WATER.WBBWD.B305.PT01
A39: BR4_Tags | B39: B305_PT01_HiHi_A | C39: Bore | D39: Upstream Pressure HiHi | E39: B305_PT01_HiHi_A | G39: CAT_P3 | I39: PRIV_ALARMACK | J39: A_P1_SERV | M39: B305_PT01_HiHi_A | R39: C_LOPRI | S39: B305 | T39: Class_Process | U39: BR4_Cluster1 | X39: BR4.UTILITIES.WATER.WBBWD.B305.PT01
A40: BR4_Tags | B40: B305_PT02_Hi_A | C40: Bore | D40: Downstream Pressure Hi | E40: B305_PT02_Hi_A | G40: CAT_P3 | I40: PRIV_ALARMACK | J40: A_P1_SERV | M40: B305_PT02_Hi_A | R40: C_LOPRI | S40: B305 | T40: Class_Process | U40: BR4_Cluster1 | X40: BR4.UTILITIES.WATER.WBBWD.B305.PT02
A41: BR4_Tags | B41: B305_PT02_HiHi_A | C41: Bore | D41: Downstream Pressure HiHi | E41: B305_PT02_HiHi_A | G41: CAT_P3 | I41: PRIV_ALARMACK | J41: A_P1_SERV | M41: B305_PT02_HiHi_A | R41: C_LOPRI | S41: B305 | T41: Class_Process | U41: BR4_Cluster1 | X41: BR4.UTILITIES.WATER.WBBWD.B305.PT02
A42: BR4_Tags | B42: B304_PT01_Hi_A | C42: Bore | D42: Upstream Pressure Hi | E42: B304_PT01_Hi_A | G42: CAT_P3 | I42: PRIV_ALARMACK | J42: A_P1_SERV | M42: B304_PT01_Hi_A | R42: C_LOPRI | S42: B304 | T42: Class_Process | U42: BR4_Cluster1 | X42: BR4.UTILITIES.WATER.WBBWD.B304.PT01
A43: BR4_Tags | B43: B304_PT01_HiHi_A | C43: Bore | D43: Upstream Pressure HiHi | E43: B304_PT01_HiHi_A | G43: CAT_P3 | I43: PRIV_ALARMACK | J43: A_P1_SERV | M43: B304_PT01_HiHi_A | R43: C_LOPRI | S43: B304 | T43: Class_Process | U43: BR4_Cluster1 | X43: BR4.UTILITIES.WATER.WBBWD.B304.PT01
A44: BR4_Tags | B44: B304_PT02_Hi_A | C44: Bore | D44: Downstream Pressure Hi | E44: B304_PT02_Hi_A | G44: CAT_P3 | I44: PRIV_ALARMACK | J44: A_P1_SERV | M44: B304_PT02_Hi_A | R44: C_LOPRI | S44: B304 | T44: Class_Process | U44: BR4_Cluster1 | X44: BR4.UTILITIES.WATER.WBBWD.B304.PT02
A45: BR4_Tags | B45: B304_PT02_HiHi_A | C45: Bore | D45: Downstream Pressure HiHi | E45: B304_PT02_HiHi_A | G45: CAT_P3 | I45: PRIV_ALARMACK | J45: A_P1_SERV | M45: B304_PT02_HiHi_A | R45: C_LOPRI | S45: B304 | T45: Class_Process | U45: BR4_Cluster1 | X45: BR4.UTILITIES.WATER.WBBWD.B304.PT02
A46: BR4_Tags | B46: B303_PT01_Hi_A | C46: Bore | D46: Upstream Pressure Hi | E46: B303_PT01_Hi_A | G46: CAT_P3 | I46: PRIV_ALARMACK | J46: A_P1_SERV | M46: B303_PT01_Hi_A | R46: C_LOPRI | S46: B303 | T46: Class_Process | U46: BR4_Cluster1 | X46: BR4.UTILITIES.WATER.WBBWD.B303.PT01
... A112: BR4_Tags | B112: B204_GenSttFail_A | C112: Bore | D112: Generator Failed to Start | E112: B204_GenSttFail_A | G112: CAT_P3 | I112: PRIV_ALARMACK | J112: A_P1_SERV | M112: B204_GenSttFail_A | R112: C_LOPRI | S112: B204 | T112: Class_Process | U112: BR4_Cluster1 | X112: BR4.UTILITIES.WATER.WBBWD.B204
A113: BR4_Tags | B113: B204_LOS01_A | C113: Bore | D113: E-stop 01 Activated | E113: B204_LOS01_A | G113: CAT_P1 | I113: PRIV_ALARMACK | J113: A_P1_SERV | K113: E-stop 01 Activated | M113: B204_LOS01_A | R113: C_LOPRI | S113: B204 | T113: Class_Process | U113: BR4_Cluster1 | X113: BR4.UTILITIES.WATER.WBBWD.B204
A114: BR4_Tags | B114: B204_LOS02_A | C114: Bore | D114: E-stop 02 Activated | E114: B204_LOS02_A | G114: CAT_P1 | I114: PRIV_ALARMACK | J114: A_P1_SERV | K114: E-stop 02 Activated | M114: B204_LOS02_A | R114: C_LOPRI | S114: B204 | T114: Class_Process | U114: BR4_Cluster1 | X114: BR4.UTILITIES.WATER.WBBWD.B204
A115: BR4_Tags | B115: B204_LSL_A | C115: Bore | D115: Level Switch Low | E115: B204_LSL_A | G115: CAT_P3 | I115: PRIV_ALARMACK | J115: A_P1_SERV | M115: B204_LSL_A | R115: C_LOPRI | S115: B204 | T115: Class_Process | U115: BR4_Cluster1 | X115: BR4.UTILITIES.WATER.WBBWD.B204
A116: BR4_Tags | B116: B204_LT01_Lo_A | C116: Bore | D116: Level Low | E116: B204_LT01_Lo_A | G116: CAT_P3 | I116: PRIV_ALARMACK | J116: A_P1_SERV | M116: B204_LT01_Lo_A | R116: C_LOPRI | S116: B204 | T116: Class_Process | U116: BR4_Cluster1 | X116: BR4.UTILITIES.WATER.WBBWD.B204.LT01
A117: BR4_Tags | B117: B204_MC01_A | C117: Bore | D117: Main Contactor Fault | E117: B204_MC01_A | G117: CAT_P3 | I117: PRIV_ALARMACK | J117: A_P1_SERV | M117: B204_MC01_A | R117: C_LOPRI | S117: B204 | T117: Class_Process | U117: BR4_Cluster1 | X117: BR4.UTILITIES.WATER.WBBWD.B204.MC01
A118: BR4_Tags | B118: B204_PS03_Hi_A | C118: Bore | D118: Pressure Hi | E118: B204_PS03_Hi_A | G118: CAT_P3 | I118: PRIV_ALARMACK | J118: A_P1_SERV | M118: B204_PS03_Hi_A | R118: C_LOPRI | S118: B204 | T118: Class_Process | U118: BR4_Cluster1 | X118: BR4.UTILITIES.WATER.WBBWD.B204
A119: BR4_Tags | B119: B204_PS04_HiHi_A | C119: Bore | D119: Pressure HiHi | E119: B204_PS04_HiHi_A | G119: CAT_P3 | I119: PRIV_ALARMACK | J119: A_P1_SERV | M119: B204_PS04_HiHi_A | R119: C_LOPRI | S119: B204 | T119: Class_Process | U119: BR4_Cluster1 | X119: BR4.UTILITIES.WATER.WBBWD.B204
A120: BR4_Tags | B120: B204_SD01Flt_A | C120: Bore | D120: Surge Diverter Fault | E120: B204_SD01Flt_A | G120: CAT_P3 | I120: PRIV_ALARMACK | J120: A_P1_SERV | M120: B204_SD01Flt_A | R120: C_LOPRI | S120: B204 | T120: Class_Process | U120: BR4_Cluster1 | X120: BR4.UTILITIES.WATER.WBBWD.B204
A121: BR4_Tags | B121: B204_SS01_A | C121: Bore | D121: Soft Starter Fault | E121: B204_SS01_A | G121: CAT_P3 | I121: PRIV_ALARMACK | J121: A_P1_SERV | M121: B204_SS01_A | R121: C_LOPRI | S121: B204 | T121: Class_Process | U121: BR4_Cluster1 | X121: BR4.UTILITIES.WATER.WBBWD.B204
A122: BR4_Tags | B122: B204_Stt_A | C122: Bore | D122: Excessive Starts | E122: B204_Stt_A | G122: CAT_P3 | I122: PRIV_ALARMACK | J122: A_P1_SERV | M122: B204_Stt_A | R122: C_LOPRI | S122: B204 | T122: Class_Process | U122: BR4_Cluster1 | X122: BR4.UTILITIES.WATER.WBBWD.B204
A123: BR4_Tags | B123: B204_TS01_Hi_A | C123: Bore | D123: Temp Switch Hi | E123: B204_TS01_Hi_A | G123: CAT_P3 | I123: PRIV_ALARMACK | J123: A_P1_SERV | M123: B204_TS01_Hi_A | R123: C_LOPRI | S123: B204 | T123: Class_Process | U123: BR4_Cluster1 | X123: BR4.UTILITIES.WATER.WBBWD.B204
A124: BR4_Tags | B124: B204_TT01_Hi_A | C124: Bore | D124: Temperature High | E124: B204_TT01_Hi_A | G124: CAT_P3 | I124: PRIV_ALARMACK | J124: A_P1_SERV | M124: B204_TT01_Hi_A | R124: C_LOPRI | S124: B204 | T124: Class_Process | U124: BR4_Cluster1 | X124: BR4.UTILITIES.WATER.WBBWD.B204.TT01
A125: BR4_Tags | B125: B209_CommsFlt_A | C125: Bore | D125: Comms Fail | E125: B209_CommsFlt_A | G125: CAT_P3 | I125: PRIV_ALARMACK | J125: A_P1_SERV | M125: B209_CommsFlt_A | R125: C_LOPRI | S125: B209 | T125: Class_Equipment | U125: BR4_Cluster1 | X125: BR4.UTILITIES.WATER.WBBWD.B209
A126: BR4_Tags | B126: B209_DCOK01_A | C126: Bore | D126: 24V I/O Supply Fault | E126: B209_DCOK01_A | G126: CAT_P3 | I126: PRIV_ALARMACK | J126: A_P1_SERV | M126: B209_DCOK01_A | R126: C_LOPRI | S126: B209 | T126: Class_Process | U126: BR4_Cluster1 | X126: BR4.UTILITIES.WATER.WBBWD.B209
... A134: BR4_Tags | B134: B209_GenSttFail_A | C134: Bore | D134: Generator Failed to Start | E134: B209_GenSttFail_A | G134: CAT_P3 | I134: PRIV_ALARMACK | J134: A_P1_SERV | M134: B209_GenSttFail_A | R134: C_LOPRI | S134: B209 | T134: Class_Process | U134: BR4_Cluster1 | X134: BR4.UTILITIES.WATER.WBBWD.B209
A135: BR4_Tags | B135: B209_LOS01_A | C135: Bore | D135: E-stop 01 Activated | E135: B209_LOS01_A | G135: CAT_P1 | I135: PRIV_ALARMACK | J135: A_P1_SERV | K135: E-stop 01 Activated | M135: B209_LOS01_A | R135: C_LOPRI | S135: B209 | T135: Class_Process | U135: BR4_Cluster1 | X135: BR4.UTILITIES.WATER.WBBWD.B209
A136: BR4_Tags | B136: B209_LOS02_A | C136: Bore | D136: E-stop 02 Activated | E136: B209_LOS02_A | G136: CAT_P1 | I136: PRIV_ALARMACK | J136: A_P1_SERV | K136: E-stop 02 Activated | M136: B209_LOS02_A | R136: C_LOPRI | S136: B209 | T136: Class_Process | U136: BR4_Cluster1 | X136: BR4.UTILITIES.WATER.WBBWD.B209
A137: BR4_Tags | B137: B209_LSL_A | C137: Bore | D137: Level Switch Low | E137: B209_LSL_A | G137: CAT_P3 | I137: PRIV_ALARMACK | J137: A_P1_SERV | M137: B209_LSL_A | R137: C_LOPRI | S137: B209 | T137: Class_Process | U137: BR4_Cluster1 | X137: BR4.UTILITIES.WATER.WBBWD.B209
A138: BR4_Tags | B138: B209_LT01_Lo_A | C138: Bore | D138: Level Low | E138: B209_LT01_Lo_A | G138: CAT_P3 | I138: PRIV_ALARMACK | J138: A_P1_SERV | M138: B209_LT01_Lo_A | R138: C_LOPRI | S138: B209 | T138: Class_Process | U138: BR4_Cluster1 | X138: BR4.UTILITIES.WATER.WBBWD.B209.LT01
A139: BR4_Tags | B139: B209_MC01_A | C139: Bore | D139: Main Contactor Fault | E139: B209_MC01_A | G139: CAT_P3 | I139: PRIV_ALARMACK | J139: A_P1_SERV | M139: B209_MC01_A | R139: C_LOPRI | S139: B209 | T139: Class_Process | U139: BR4_Cluster1 | X139: BR4.UTILITIES.WATER.WBBWD.B209.MC01
A140: BR4_Tags | B140: B209_PS03_Hi_A | C140: Bore | D140: Pressure Hi | E140: B209_PS03_Hi_A | G140: CAT_P3 | I140: PRIV_ALARMACK | J140: A_P1_SERV | M140: B209_PS03_Hi_A | R140: C_LOPRI | S140: B209 | T140: Class_Process | U140: BR4_Cluster1 | X140: BR4.UTILITIES.WATER.WBBWD.B209
A141: BR4_Tags | B141: B209_PS04_HiHi_A | C141: Bore | D141: Pressure HiHi | E141: B209_PS04_HiHi_A | G141: CAT_P3 | I141: PRIV_ALARMACK | J141: A_P1_SERV | M141: B209_PS04_HiHi_A | R141: C_LOPRI | S141: B209 | T141: Class_Process | U141: BR4_Cluster1 | X141: BR4.UTILITIES.WATER.WBBWD.B209
A142: BR4_Tags | B142: B209_SD01Flt_A | C142: Bore | D142: Surge Diverter Fault | E142: B209_SD01Flt_A | G142: CAT_P3 | I142: PRIV_ALARMACK | J142: A_P1_SERV | M142: B209_SD01Flt_A | R142: C_LOPRI | S142: B209 | T142: Class_Process | U142: BR4_Cluster1 | X142: BR4.UTILITIES.WATER.WBBWD.B209
A143: BR4_Tags | B143: B209_SS01_A | C143: Bore | D143: Soft Starter Fault | E143: B209_SS01_A | G143: CAT_P3 | I143: PRIV_ALARMACK | J143: A_P1_SERV | M143: B209_SS01_A | R143: C_LOPRI | S143: B209 | T143: Class_Process | U143: BR4_Cluster1 | X143: BR4.UTILITIES.WATER.WBBWD.B209
A144: BR4_Tags | B144: B209_Stt_A | C144: Bore | D144: Excessive Starts | E144: B209_Stt_A | G144: CAT_P3 | I144: PRIV_ALARMACK | J144: A_P1_SERV | M144: B209_Stt_A | R144: C_LOPRI | S144: B209 | T144: Class_Process | U144: BR4_Cluster1 | X144: BR4.UTILITIES.WATER.WBBWD.B209
A145: BR4_Tags | B145: B209_TS01_Hi_A | C145: Bore | D145: Temp Switch Hi | E145: B209_TS01_Hi_A | G145: CAT_P3 | I145: PRIV_ALARMACK | J145: A_P1_SERV | M145: B209_TS01_Hi_A | R145: C_LOPRI | S145: B209 | T145: Class_Process | U145: BR4_Cluster1 | X145: BR4.UTILITIES.WATER.WBBWD.B209
A146: BR4_Tags | B146: B209_TT01_Hi_A | C146: Bore | D146: Temperature High | E146: B209_TT01_Hi_A | G146: CAT_P3 | I146: PRIV_ALARMACK | J146: A_P1_SERV | M146: B209_TT01_Hi_A | R146: C_LOPRI | S146: B209 | T146: Class_Process | U146: BR4_Cluster1 | X146: BR4.UTILITIES.WATER.WBBWD.B209.TT01
A147: BR4_Tags | B147: B301_CommsFlt_A | C147: Bore | D147: Comms Fail | E147: B301_CommsFlt_A | G147: CAT_P3 | I147: PRIV_ALARMACK | J147: A_P1_SERV | M147: B301_CommsFlt_A | R147: C_LOPRI | S147: B301 | T147: Class_Equipment | U147: BR4_Cluster1 | X147: BR4.UTILITIES.WATER.WBBWD.B301
A148: BR4_Tags | B148: B301_DCOK01_A | C148: Bore | D148: 24V I/O Supply Fault | E148: B301_DCOK01_A | G148: CAT_P3 | I148: PRIV_ALARMACK | J148: A_P1_SERV | M148: B301_DCOK01_A | R148: C_LOPRI | S148: B301 | T148: Class_Process | U148: BR4_Cluster1 | X148: BR4.UTILITIES.WATER.WBBWD.B301
... A156: BR4_Tags | B156: B301_GenSttFail_A | C156: Bore | D156: Generator Failed to Start | E156: B301_GenSttFail_A | G156: CAT_P3 | I156: PRIV_ALARMACK | J156: A_P1_SERV | M156: B301_GenSttFail_A | R156: C_LOPRI | S156: B301 | T156: Class_Process | U156: BR4_Cluster1 | X156: BR4.UTILITIES.WATER.WBBWD.B301
A157: BR4_Tags | B157: B301_LOS01_A | C157: Bore | D157: E-stop 01 Activated | E157: B301_LOS01_A | G157: CAT_P1 | I157: PRIV_ALARMACK | J157: A_P1_SERV | K157: E-stop 01 Activated | M157: B301_LOS01_A | R157: C_LOPRI | S157: B301 | T157: Class_Process | U157: BR4_Cluster1 | X157: BR4.UTILITIES.WATER.WBBWD.B301
A158: BR4_Tags | B158: B301_LOS02_A | C158: Bore | D158: E-stop 02 Activated | E158: B301_LOS02_A | G158: CAT_P1 | I158: PRIV_ALARMACK | J158: A_P1_SERV | K158: E-stop 02 Activated | M158: B301_LOS02_A | R158: C_LOPRI | S158: B301 | T158: Class_Process | U158: BR4_Cluster1 | X158: BR4.UTILITIES.WATER.WBBWD.B301
A159: BR4_Tags | B159: B301_LSL_A | C159: Bore | D159: Level Switch Low | E159: B301_LSL_A | G159: CAT_P3 | I159: PRIV_ALARMACK | J159: A_P1_SERV | M159: B301_LSL_A | R159: C_LOPRI | S159: B301 | T159: Class_Process | U159: BR4_Cluster1 | X159: BR4.UTILITIES.WATER.WBBWD.B301
A160: BR4_Tags | B160: B301_LT01_Lo_A | C160: Bore | D160: Level Low | E160: B301_LT01_Lo_A | G160: CAT_P3 | I160: PRIV_ALARMACK | J160: A_P1_SERV | M160: B301_LT01_Lo_A | R160: C_LOPRI | S160: B301 | T160: Class_Process | U160: BR4_Cluster1 | X160: BR4.UTILITIES.WATER.WBBWD.B301.LT01
A161: BR4_Tags | B161: B301_MC01_A | C161: Bore | D161: Main Contactor Fault | E161: B301_MC01_A | G161: CAT_P3 | I161: PRIV_ALARMACK | J161: A_P1_SERV | M161: B301_MC01_A | R161: C_LOPRI | S161: B301 | T161: Class_Process | U161: BR4_Cluster1 | X161: BR4.UTILITIES.WATER.WBBWD.B301.MC01
A162: BR4_Tags | B162: B301_PS03_Hi_A | C162: Bore | D162: Pressure Hi | E162: B301_PS03_Hi_A | G162: CAT_P3 | I162: PRIV_ALARMACK | J162: A_P1_SERV | M162: B301_PS03_Hi_A | R162: C_LOPRI | S162: B301 | T162: Class_Process | U162: BR4_Cluster1 | X162: BR4.UTILITIES.WATER.WBBWD.B301
A163: BR4_Tags | B163: B301_PS04_HiHi_A | C163: Bore | D163: Pressure HiHi | E163: B301_PS04_HiHi_A | G163: CAT_P3 | I163: PRIV_ALARMACK | J163: A_P1_SERV | M163: B301_PS04_HiHi_A | R163: C_LOPRI | S163: B301 | T163: Class_Process | U163: BR4_Cluster1 | X163: BR4.UTILITIES.WATER.WBBWD.B301
A164: BR4_Tags | B164: B301_SD01Flt_A | C164: Bore | D164: Surge Diverter Fault | E164: B301_SD01Flt_A | G164: CAT_P3 | I164: PRIV_ALARMACK | J164: A_P1_SERV | M164: B301_SD01Flt_A | R164: C_LOPRI | S164: B301 | T164: Class_Process | U164: BR4_Cluster1 | X164: BR4.UTILITIES.WATER.WBBWD.B301
A165: BR4_Tags | B165: B301_SS01_A | C165: Bore | D165: Soft Starter Fault | E165: B301_SS01_A | G165: CAT_P3 | I165: PRIV_ALARMACK | J165: A_P1_SERV | M165: B301_SS01_A | R165: C_LOPRI | S165: B301 | T165: Class_Process | U165: BR4_Cluster1 | X165: BR4.UTILITIES.WATER.WBBWD.B301
A166: BR4_Tags | B166: B301_Stt_A | C166: Bore | D166: Excessive Starts | E166: B301_Stt_A | G166: CAT_P3 | I166: PRIV_ALARMACK | J166: A_P1_SERV | M166: B301_Stt_A | R166: C_LOPRI | S166: B301 | T166: Class_Process | U166: BR4_Cluster1 | X166: BR4.UTILITIES.WATER.WBBWD.B301
A167: BR4_Tags | B167: B301_TS01_Hi_A | C167: Bore | D167: Temp Switch Hi | E167: B301_TS01_Hi_A | G167: CAT_P3 | I167: PRIV_ALARMACK | J167: A_P1_SERV | M167: B301_TS01_Hi_A | R167: C_LOPRI | S167: B301 | T167: Class_Process | U167: BR4_Cluster1 | X167: BR4.UTILITIES.WATER.WBBWD.B301
A168: BR4_Tags | B168: B301_TT01_Hi_A | C168: Bore | D168: Temperature High | E168: B301_TT01_Hi_A | G168: CAT_P3 | I168: PRIV_ALARMACK | J168: A_P1_SERV | M168: B301_TT01_Hi_A | R168: C_LOPRI | S168: B301 | T168: Class_Process | U168: BR4_Cluster1 | X168: BR4.UTILITIES.WATER.WBBWD.B301.TT01
A169: BR4_Tags | B169: B302_CommsFlt_A | C169: Bore | D169: Comms Fail | E169: B302_CommsFlt_A | G169: CAT_P3 | I169: PRIV_ALARMACK | J169: A_P1_SERV | M169: B302_CommsFlt_A | R169: C_LOPRI | S169: B302 | T169: Class_Equipment | U169: BR4_Cluster1 | X169: BR4.UTILITIES.WATER.WBBWD.B302
A170: BR4_Tags | B170: B302_DCOK01_A | C170: Bore | D170: 24V I/O Supply Fault | E170: B302_DCOK01_A | G170: CAT_P3 | I170: PRIV_ALARMACK | J170: A_P1_SERV | M170: B302_DCOK01_A | R170: C_LOPRI | S170: B302 | T170: Class_Process | U170: BR4_Cluster1 | X170: BR4.UTILITIES.WATER.WBBWD.B302
... A178: BR4_Tags | B178: B302_GenSttFail_A | C178: Bore | D178: Generator Failed to Start | E178: B302_GenSttFail_A | G178: CAT_P3 | I178: PRIV_ALARMACK | J178: A_P1_SERV | M178: B302_GenSttFail_A | R178: C_LOPRI | S178: B302 | T178: Class_Process | U178: BR4_Cluster1 | X178: BR4.UTILITIES.WATER.WBBWD.B302
A179: BR4_Tags | B179: B302_LOS01_A | C179: Bore | D179: E-stop 01 Activated | E179: B302_LOS01_A | G179: CAT_P1 | I179: PRIV_ALARMACK | J179: A_P1_SERV | K179: E-stop 01 Activated | M179: B302_LOS01_A | R179: C_LOPRI | S179: B302 | T179: Class_Process | U179: BR4_Cluster1 | X179: BR4.UTILITIES.WATER.WBBWD.B302
A180: BR4_Tags | B180: B302_LOS02_A | C180: Bore | D180: E-stop 02 Activated | E180: B302_LOS02_A | G180: CAT_P1 | I180: PRIV_ALARMACK | J180: A_P1_SERV | K180: E-stop 02 Activated | M180: B302_LOS02_A | R180: C_LOPRI | S180: B302 | T180: Class_Process | U180: BR4_Cluster1 | X180: BR4.UTILITIES.WATER.WBBWD.B302
A181: BR4_Tags | B181: B302_LSL_A | C181: Bore | D181: Level Switch Low | E181: B302_LSL_A | G181: CAT_P3 | I181: PRIV_ALARMACK | J181: A_P1_SERV | M181: B302_LSL_A | R181: C_LOPRI | S181: B302 | T181: Class_Process | U181: BR4_Cluster1 | X181: BR4.UTILITIES.WATER.WBBWD.B302
A182: BR4_Tags | B182: B302_LT01_Lo_A | C182: Bore | D182: Level Low | E182: B302_LT01_Lo_A | G182: CAT_P3 | I182: PRIV_ALARMACK | J182: A_P1_SERV | M182: B302_LT01_Lo_A | R182: C_LOPRI | S182: B302 | T182: Class_Process | U182: BR4_Cluster1 | X182: BR4.UTILITIES.WATER.WBBWD.B302.LT01
A183: BR4_Tags | B183: B302_MC01_A | C183: Bore | D183: Main Contactor Fault | E183: B302_MC01_A | G183: CAT_P3 | I183: PRIV_ALARMACK | J183: A_P1_SERV | M183: B302_MC01_A | R183: C_LOPRI | S183: B302 | T183: Class_Process | U183: BR4_Cluster1 | X183: BR4.UTILITIES.WATER.WBBWD.B302.MC01
A184: BR4_Tags | B184: B302_PT01_Hi_A | C184: Bore | D184: Upstream Pressure Hi | E184: B302_PT01_Hi_A | G184: CAT_P3 | I184: PRIV_ALARMACK | J184: A_P1_SERV | M184: B302_PT01_Hi_A | R184: C_LOPRI | S184: B302 | T184: Class_Process | U184: BR4_Cluster1 | X184: BR4.UTILITIES.WATER.WBBWD.B302.PT01
A185: BR4_Tags | B185: B302_PT01_HiHi_A | C185: Bore | D185: Upstream Pressure HiHi | E185: B302_PT01_HiHi_A | G185: CAT_P3 | I185: PRIV_ALARMACK | J185: A_P1_SERV | M185: B302_PT01_HiHi_A | R185: C_LOPRI | S185: B302 | T185: Class_Process | U185: BR4_Cluster1 | X185: BR4.UTILITIES.WATER.WBBWD.B302.PT01
A186: BR4_Tags | B186: B302_PT02_Hi_A | C186: Bore | D186: Downstream Pressure Hi | E186: B302_PT02_Hi_A | G186: CAT_P3 | I186: PRIV_ALARMACK | J186: A_P1_SERV | M186: B302_PT02_Hi_A | R186: C_LOPRI | S186: B302 | T186: Class_Process | U186: BR4_Cluster1 | X186: BR4.UTILITIES.WATER.WBBWD.B302.PT02
A187: BR4_Tags | B187: B302_PT02_HiHi_A | C187: Bore | D187: Downstream Pressure HiHi | E187: B302_PT02_HiHi_A | G187: CAT_P3 | I187: PRIV_ALARMACK | J187: A_P1_SERV | M187: B302_PT02_HiHi_A | R187: C_LOPRI | S187: B302 | T187: Class_Process | U187: BR4_Cluster1 | X187: BR4.UTILITIES.WATER.WBBWD.B302.PT02
A188: BR4_Tags | B188: B302_PS03_Hi_A | C188: Bore | D188: Pressure Hi | E188: B302_PS03_Hi_A | G188: CAT_P3 | I188: PRIV_ALARMACK | J188: A_P1_SERV | M188: B302_PS03_Hi_A | R188: C_LOPRI | S188: B302 | T188: Class_Process | U188: BR4_Cluster1 | X188: BR4.UTILITIES.WATER.WBBWD.B302
A189: BR4_Tags | B189: B302_PS04_HiHi_A | C189: Bore | D189: Pressure HiHi | E189: B302_PS04_HiHi_A | G189: CAT_P3 | I189: PRIV_ALARMACK | J189: A_P1_SERV | M189: B302_PS04_HiHi_A | R189: C_LOPRI | S189: B302 | T189: Class_Process | U189: BR4_Cluster1 | X189: BR4.UTILITIES.WATER.WBBWD.B302
...
